station_id,station_name,summary_date,fuel_model,nfdr_type,kbdi,ignition_component_max,spread_component_max,energy_release_component_max,burning_index_max,one_hr_tl_fuel_moisture_min,ten_hr_tl_fuel_moisture_min
20211,BRIGHT ANGEL,2026-08-23,V,F,270,39.6,87.37,4.62,45.33,5.88,7.84
20221,PROMONTORY,2026-08-23,V,F,129,6.56,3.95,0.83,5.2,7.66,8.5
20227,FOUR SPRINGS,2026-08-23,V,F,288,42.04,73.17,6.77,52.27,5.45,7.1
20303,LAKESIDE,2026-08-23,V,F,22,22.62,37.51,3.87,29.71,7.1,10.1
21209,SELLS,2026-08-23,V,F,515,45.54,55.51,7.73,48.92,4.63,6.5
21414,RUCKER,2026-08-23,V,F,60,29.29,29.27,5.93,31.45,4.74,6.08
20404,GREER,2026-08-23,V,F,59,6.66,4.45,0.91,5.72,7.82,11.75
21106,STRAY HORSE,2026-08-23,V,F,115,18.17,25.39,3.32,18.25,5.63,7.07
21005,COLUMBINE,2026-08-23,V,F,42,1.93,0.26,0.1,0.55,6.76,8.02
21502,OATMAN,2026-08-23,V,F,638,59.24,71.32,8.67,57.89,3.9,4.53
21302,HOPKINS,2026-08-23,V,F,485,28.01,48.53,5.48,39.28,6.69,7.76
20507,GOODWIN MESA,2026-08-23,V,F,454,68.61,109.44,8.51,69.88,4.02,5.01
21010,NOON CREEK,2026-08-23,V,F,464,56.34,70.64,9.18,57.27,3.52,4.96
20510,SUNSET POINT,2026-08-23,V,F,621,56.43,70.57,8.54,57.21,3.99,5.21
21411,CARR,2026-08-23,V,F,91,28.03,43.07,6.76,35.37,5.39,6.66
21409,HEADQUARTERS,2026-08-23,V,F,470,43.37,47.23,8.24,46.78,4.23,5.61
21202,SAGUARO,2026-08-23,V,F,433,47.85,48.69,8.69,48.44,3.89,5.17
21007,MULESHOE RANCH,2026-08-23,V,F,374,44.33,47.59,8.44,47.19,4.07,5.44
21104,GUTHRIE,2026-08-23,V,F,406,56.78,137.35,8.14,62.68,4.31,5.65
21208,SCOUT CAMP,2026-08-23,V,F,95,8.65,8.64,1.16,8.37,8.02,11.79
55522385,TAOS PUEBLO RAWS,2026-08-23,V,F,456,52.17,181.1,6.8,78.98,5.43,8.48
20903,HORSE CAMP CANYON,2026-08-23,V,F,577,60.86,83.17,8.6,61.84,3.95,6.02
292302,DUNKEN,2026-08-23,V,F,488,69.24,141.25,8.71,79.44,3.87,5.25
20601,GLOBE,2026-08-23,V,F,517,47.5,57.16,8.28,50.74,4.2,5.09
20223,GUNSIGHT,2026-08-23,V,F,525,58.68,92.34,8.09,62.98,4.35,5.8
20307,NAVAJO MONUMENT,2026-08-23,V,F,202,46.18,85.29,6.88,56.51,5.35,7.5
292005,RESERVE,2026-08-23,V,F,458,52.73,88.86,7.8,59.95,4.57,7.26
20906,CASA GRANDE,2026-08-23,V,F,687,67.54,86.28,9.03,64.36,3.63,4.61
293202,PADUCA,2026-08-23,V,F,605,67.28,152.18,8.3,80.41,4.18,5.57
20609,HILLTOP,2026-08-23,V,F,89,31.12,34.47,7.33,37.44,4.96,7.01
20213,FRAZIER WELLS,2026-08-23,V,F,98,45.54,104.27,5.19,53.06,5.77,6.97
20309,LIMESTONE CANYON,2026-08-23,V,F,341,32.04,50.38,6.46,42.17,5.71,7.61
55522318,MOHAWK DUNES,2026-08-23,V,F,748,59.89,80.83,8.22,59.83,4.24,4.55
292901,MCGREGGOR RANGE,2026-08-23,V,F,598,68.43,98.66,8.94,67.95,3.69,5.13
20217,YELLOW JOHN MOUNTAIN,2026-08-23,V,F,289,34.58,43.23,7.56,41.59,4.77,6.52
290203,DEADMAN PEAK,2026-08-23,V,F,492,59.2,177.42,7.83,83.61,4.55,7.41
292203,SMOKEY BEAR,2026-08-23,V,F,103,47.52,85.49,6.92,56.71,5.32,7.31
21303,CANELO,2026-08-23,V,F,127,37.54,60.4,6.83,46.08,5.4,7.12
290705,CUBA,2026-08-23,V,F,474,62.86,134.06,8.13,74.76,4.31,6.39
55522271,FTHL YDMA,2026-08-23,V,F,745,64.1,128.93,7.57,71.11,4.76,4.7
291302,GRANTS,2026-08-23,V,F,122,27.82,46.01,4.45,32.85,5.92,8.81
292903,DRIPPING SPRINGS,2026-08-23,V,F,449,48.32,58.88,8.35,51.8,4.14,4.8
293101,BATDRAW,2026-08-23,V,F,565,72.18,160.71,8.98,85.46,3.67,4.9
290305,BLACK MESA,2026-08-23,V,F,612,51.13,77.72,7.69,56.98,4.67,7.22
292702,HACHITA VALLEY,2026-08-23,V,F,591,68.14,88.39,9.31,66.01,3.43,4.55
20310,MOUNTAIN LION,2026-08-23,V,F,74,11.64,8.78,3.15,12.69,6.22,8.01
20215,MORMON LAKE,2026-08-23,V,F,287,25.59,38.72,4.31,31.68,6.46,9.07
290801,TOWER,2026-08-23,V,F,532,61.32,104.82,7.95,66.39,4.46,6.44
20611,SHADOW RIM,2026-08-23,V,F,449,42.45,63.41,7.06,49.88,5.2,7.04
20219,OAK CREEK,2026-08-23,V,F,579,39.26,48.92,7.69,44.48,4.66,6.13
290205,DULCE #2,2026-08-23,V,F,409,56.39,170.73,7.28,79.34,5.01,8.63
20224,BUCKSKIN MTN,2026-08-23,V,F,420,51.03,88.09,7.38,59.24,4.92,6.47
290101,WASHINGTON PASS,2026-08-23,V,F,252,15.78,22.4,3.09,18.79,6.87,10.97
55522251,DEVILS HILLS,2026-08-23,V,F,735,49.44,71.69,7.65,52.21,4.7,4.53
20509,STANTON,2026-08-23,V,F,547,53.71,78.32,8.28,57.55,4.2,5.08
20116,UNION PASS,2026-08-23,V,F,583,69.55,99.1,8.94,68.28,3.7,4.25
21009,DRY LAKE,2026-08-23,V,F,388,42.46,53.88,7.07,46.3,4.62,6.48
55522232,CAVE CREEK,2026-08-23,V,F,543,31.87,40.81,7.19,37.73,5.08,8.7
290901,SANTA FE WATERSHED,2026-08-23,V,F,371,53.75,121.36,7.31,64.95,4.98,6.92
21207,RINCON,2026-08-23,V,F,20,6.23,2.62,0.6,3.71,6.78,7.98
55522326,NEVERSHINE,2026-08-23,V,F,681,81.43,154.07,9.78,86.91,3.1,3.97
293301,MALPAIS LAVA FLOW,2026-08-23,V,F,169,50.32,108.95,6.85,62.33,5.38,9.48
20602,PAYSON,2026-08-23,V,F,386,38.08,52.69,6.94,45.47,5.3,6.83
291402,OAK FLATS,2026-08-23,V,F,454,57.38,102.64,7.65,64.62,4.69,6.69
291301,BRUSHY MOUNTAIN,2026-08-23,V,F,209,33.32,50.75,5.13,38.6,5.58,8.1
21008,BLACK HILLS,2026-08-23,V,F,664,56.42,55.38,9.71,53.42,3.15,4.33
292504,BURRO MOUNTAIN,2026-08-23,V,F,292,56.32,119.34,7.87,61.98,4.52,6.0
293305,RAMAH,2026-08-23,V,F,303,52.67,137.04,6.93,69.85,5.31,9.66
55522210,BAKERS TANK,2026-08-23,V,F,739,56.19,78.6,7.85,57.82,4.54,4.55
20502,CROWN KING,2026-08-23,V,F,384,36.59,57.35,6.82,44.91,5.41,6.37
20511,CHERRY,2026-08-23,V,F,203,34.59,43.19,6.96,41.53,5.29,6.56
290401,CIMARRON,2026-08-23,V,F,222,24.81,38.71,3.34,27.6,6.25,9.18
21505,GOLDFIELD,2026-08-23,V,F,683,55.81,52.42,9.49,52.37,3.3,5.42
55522238,CIPRIANO,2026-08-23,V,F,712,57.86,114.78,7.2,61.91,5.08,4.52
20291,HAPPY JACK,2026-08-23,V,F,386,26.11,41.69,4.39,33.08,6.62,8.9
20119,MUSIC MOUNTAIN,2026-08-23,V,F,550,64.94,131.8,8.21,73.2,4.25,5.31
291408,SANDIA LAB,2026-08-23,V,F,265,46.81,67.02,7.69,52.93,4.66,6.41
290603,ZUNI BUTTES,2026-08-23,V,F,222,58.78,154.43,7.54,75.31,4.79,7.34
20603,PLEASANT VALLEY,2026-08-23,V,F,303,42.73,54.99,7.59,48.31,4.75,6.66
55522198,10K,2026-08-23,V,F,206,24.39,31.22,2.8,23.52,5.99,7.62
20102,FORT YUMA,2026-08-23,V,F,745,67.2,105.53,8.04,66.94,4.38,4.75
21501,SMITH PEAK,2026-08-23,V,F,657,58.98,62.86,9.29,56.38,3.45,4.29
21503,AHAKHAV PRESERVE,2026-08-23,V,F,746,77.33,115.1,9.12,73.82,3.57,4.38
292104,MAGDALENA,2026-08-23,V,F,56,22.69,22.59,3.82,23.39,5.55,7.74
293303,BLUEWATER RIDGE,2026-08-23,V,F,213,26.83,40.46,4.15,31.78,6.3,9.82
290204,JARITA MESA,2026-08-23,V,F,199,46.15,95.81,6.59,58.43,5.62,8.8
292011,GILA CENTER RAWS,2026-08-23,V,F,276,39.1,45.42,7.71,44.56,4.65,8.04
291002,BARTLEY,2026-08-23,V,F,136,29.89,51.87,3.46,32.46,6.24,7.95
20508,HUMBUG CREEK,2026-08-23,V,F,265,55.16,100.13,7.29,62.48,5.0,5.62
290201,STONE LAKE,2026-08-23,V,F,487,59.87,177.62,7.77,83.73,4.6,7.71
292904,SAN ANDRES,2026-08-23,V,F,492,38.63,41.34,8.31,42.42,4.17,5.11
290102,ALBINO CANYON,2026-08-23,V,F,484,59.14,157.89,7.63,77.72,4.71,7.8
20612,PINE,2026-08-23,V,F,463,41.66,62.97,6.94,49.35,5.3,6.66
20216,WARM SPRINGS CANYON,2026-08-23,V,F,348,38.39,75.34,4.71,44.85,5.99,7.86
290706,SANDIA LAKES,2026-08-23,V,F,678,61.7,93.64,8.38,64.06,4.12,5.85
55522341,PICACHO PEAK,2026-08-23,V,F,724,56.76,70.49,8.53,57.14,4.0,5.0
20120,TRUXTON CANYON,2026-08-23,V,F,273,58.42,92.32,8.04,62.97,4.38,5.21
20109,TWEEDS POINT,2026-08-23,V,F,556,65.76,168.62,8.33,84.44,4.15,4.88
293002,MAYHILL,2026-08-23,V,F,465,36.93,44.3,7.69,43.09,4.67,6.52
292009,PELONA MOUNTAIN,2026-08-23,V,F,239,30.99,52.52,4.82,36.82,5.6,7.99
20207,TUSAYAN,2026-08-23,V,F,352,38.0,61.54,6.58,47.59,5.62,8.11
292301,EIGHT MILE DRAW,2026-08-23,V,F,606,77.42,167.71,9.47,89.31,3.32,5.1
20107,MOUNT LOGAN,2026-08-23,V,F,157,29.13,40.73,4.2,31.82,5.75,6.64
20108,OLAF KNOLLS,2026-08-23,V,F,632,80.41,121.67,9.74,78.07,3.13,4.02
291501,MOUNTAINAIR,2026-08-23,V,F,474,61.43,94.78,8.39,64.97,4.11,6.05
55522384,TANKS,2026-08-23,V,F,304,37.68,52.49,7.26,45.21,5.03,6.73
20212,DRY PARK,2026-08-23,V,F,99,16.48,17.25,1.64,14.01,6.55,8.41
20220,LINDBERGH HILL,2026-08-23,V,F,399,29.66,53.61,4.0,35.56,6.49,8.32
292105,SEVILLETA,2026-08-23,V,F,558,72.15,113.93,9.0,73.03,3.66,5.56
20117,HURRICANE,2026-08-23,V,F,412,65.06,107.39,8.27,68.36,4.2,5.58
55522315,MIDNIGHT,2026-08-23,V,F,159,5.7,2.22,0.55,3.3,6.64,10.17
20118,HAVASU,2026-08-23,V,F,657,81.92,95.06,10.1,70.87,2.88,4.03
20114,BLACK ROCK,2026-08-23,V,F,198,30.04,36.66,5.68,34.18,5.11,6.01
292013,MOGOLLON,2026-08-23,V,F,167,35.85,48.02,5.88,40.28,5.2,6.9
20501,IRON SPRINGS,2026-08-23,V,F,384,43.14,73.05,6.74,52.13,5.48,6.64
293003,MESCAL,2026-08-23,V,F,215,34.6,50.45,6.3,41.78,5.4,7.17
291901,MELROSE RANGE,2026-08-23,V,F,654,75.43,183.16,9.33,92.39,3.42,5.37
292103,BOSQUE,2026-08-23,V,F,670,61.55,83.37,9.09,62.01,3.59,5.56
20606,TONTO BASIN,2026-08-23,V,F,603,57.51,62.03,9.13,55.6,3.56,4.64
20301,HEBER,2026-08-23,V,F,224,26.41,40.22,5.65,36.53,6.45,10.83
291202,PECOS,2026-08-23,V,F,86,56.84,159.27,6.58,71.79,4.84,6.79
292102,CHUPADERA,2026-08-23,V,F,519,68.14,110.29,8.61,70.49,3.95,5.53
20113,NIXON FLATS,2026-08-23,V,F,307,36.46,52.41,6.94,45.1,5.31,6.96
291101,MILLS CANYON,2026-08-23,V,F,541,63.32,145.1,8.01,75.81,4.41,6.55
55522257,DUTCH KID,2026-08-23,V,F,115,36.91,60.97,6.4,46.85,5.79,7.48
292012,DATIL,2026-08-23,V,F,173,24.96,36.84,4.23,29.82,5.93,8.92
293105,QUEEN,2026-08-23,V,F,370,59.13,83.07,8.57,61.76,3.97,5.49
290202,COYOTE,2026-08-23,V,F,243,48.74,117.69,5.89,61.03,5.68,9.21
293004,COSMIC,2026-08-23,V,F,42,5.01,1.62,0.46,2.58,6.48,7.43
20115,MOSS BASIN,2026-08-23,V,F,399,53.34,89.05,7.54,60.12,4.79,5.74
20312,HOPI,2026-08-23,V,F,476,60.31,175.09,7.72,82.17,4.64,6.88
293104,CAPROCK,2026-08-23,V,F,493,70.48,174.32,8.75,87.68,3.84,5.51
292008,SLAUGHTER,2026-08-23,V,F,16,18.8,29.36,2.33,20.17,6.82,10.15
21504,BELMONT,2026-08-23,V,F,693,56.22,61.2,8.98,54.82,3.67,4.22
20121,CIBOLA,2026-08-23,V,F,749,78.9,146.0,9.23,82.31,3.49,4.12
20610,RED LAKE,2026-08-23,V,F,100,23.97,29.99,5.09,30.06,6.13,8.24
55523735,RED CANYON,2026-08-23,V,F,381,49.32,87.91,7.35,59.07,4.95,6.71
21206,SASABE,2026-08-23,V,F,628,40.47,53.37,7.15,46.35,5.12,8.35
292001,BEAVERHEAD,2026-08-23,V,F,183,34.58,51.6,7.14,44.0,5.12,8.01
55523738,T BAR,2026-08-23,V,F,29,21.47,24.98,3.61,22.34,5.78,9.07
292004,LUNA,2026-08-23,V,F,264,38.92,71.47,6.8,50.28,5.43,8.19
20608,SAN CARLOS #1,2026-08-23,V,F,611,57.68,53.81,9.78,53.73,3.1,4.43
21205,EMPIRE,2026-08-23,V,F,285,43.29,55.06,7.61,48.4,4.73,6.32
293304,LAGUNA,2026-08-23,V,F,546,60.3,117.16,8.32,65.27,4.17,6.43
20402,PINEY HILL,2026-08-23,V,F,188,29.54,54.52,4.77,38.82,6.57,10.53
20284,GREENBASE,2026-08-23,V,F,228,29.47,49.73,4.53,36.36,6.4,8.34
55523737,SOWATS,2026-08-23,V,F,160,44.89,84.14,6.76,55.24,5.44,7.21
20401,ALPINE,2026-08-23,V,F,88,11.59,9.75,2.08,12.02,6.96,10.11
55522344,PINEDALE,2026-08-23,V,F,262,31.1,49.89,6.0,41.47,6.17,8.81
55523718,CEDAR RIDGE,2026-08-23,V,F,330,39.19,71.09,6.28,49.81,5.9,6.34
21105,TRAIL CABIN,2026-08-23,V,F,419,51.25,68.88,8.23,55.62,4.23,6.15
290210,TRUCHAS,2026-08-23,V,F,251,46.48,85.62,6.94,56.85,5.3,7.58
20209,FLAGSTAFF,2026-08-23,V,F,288,30.91,53.98,4.91,38.95,6.27,9.2
20226,PARIA POINT,2026-08-23,V,F,401,33.72,51.24,6.48,43.49,5.71,7.29
290702,JEMEZ,2026-08-23,V,F,316,54.0,125.78,7.13,68.68,5.14,7.17
20503,VERDE,2026-08-23,V,F,556,42.25,46.27,8.15,45.63,4.3,6.45
290307,WILD RIVERS,2026-08-23,V,F,520,39.44,71.2,6.3,49.95,5.88,8.66
20211,BRIGHT ANGEL,2026-08-23,W,F,270,30.91,30.38,6.99,33.33,5.88,7.84
20221,PROMONTORY,2026-08-23,W,F,129,6.58,2.29,2.33,6.5,7.66,8.5
20227,FOUR SPRINGS,2026-08-23,W,F,288,34.4,28.13,9.33,39.0,5.45,7.1
20303,LAKESIDE,2026-08-23,W,F,22,18.58,14.53,5.21,22.0,7.1,10.1
21209,SELLS,2026-08-23,W,F,515,37.75,21.89,10.19,36.16,4.63,6.5
21414,RUCKER,2026-08-23,W,F,60,24.33,11.59,9.21,24.81,4.74,6.08
20404,GREER,2026-08-23,W,F,59,6.47,2.41,1.83,5.96,7.82,11.75
21106,STRAY HORSE,2026-08-23,W,F,115,16.37,7.16,4.68,14.83,5.63,7.07
21005,COLUMBINE,2026-08-23,W,F,42,3.98,0.91,1.84,3.19,6.76,8.02
21502,OATMAN,2026-08-23,W,F,638,47.82,26.68,11.77,42.38,3.9,4.53
21302,HOPKINS,2026-08-23,W,F,485,23.77,20.12,8.09,31.29,6.69,7.76
20507,GOODWIN MESA,2026-08-23,W,F,454,54.21,38.71,11.34,49.44,4.02,5.01
21010,NOON CREEK,2026-08-23,W,F,464,45.48,26.42,11.89,40.93,3.52,4.96
20510,SUNSET POINT,2026-08-23,W,F,621,45.61,26.47,11.35,41.52,3.99,5.21
21411,CARR,2026-08-23,W,F,91,24.42,18.3,9.44,28.69,5.39,6.66
21409,HEADQUARTERS,2026-08-23,W,F,470,36.3,18.99,10.97,35.07,4.23,5.61
21202,SAGUARO,2026-08-23,W,F,433,39.81,19.35,11.47,36.13,3.89,5.17
21007,MULESHOE RANCH,2026-08-23,W,F,374,37.06,19.1,11.13,35.42,4.07,5.44
21104,GUTHRIE,2026-08-23,W,F,406,45.34,50.78,10.79,45.95,4.31,5.65
21208,SCOUT CAMP,2026-08-23,W,F,95,7.42,3.8,1.85,7.14,8.02,11.79
55522385,TAOS PUEBLO RAWS,2026-08-23,W,F,456,51.22,62.51,8.76,54.73,5.43,8.48
20903,HORSE CAMP CANYON,2026-08-23,W,F,577,48.51,30.33,10.88,43.36,3.95,6.02
292302,DUNKEN,2026-08-23,W,F,488,61.05,48.21,11.43,54.73,3.87,5.25
20601,GLOBE,2026-08-23,W,F,517,39.22,22.37,11.16,38.11,4.2,5.09
20223,GUNSIGHT,2026-08-23,W,F,525,46.78,33.68,10.75,44.97,4.35,5.8
20307,NAVAJO MONUMENT,2026-08-23,W,F,202,37.35,32.03,9.18,41.11,5.35,7.5
292005,RESERVE,2026-08-23,W,F,458,42.33,32.87,9.89,42.93,4.57,7.26
20906,CASA GRANDE,2026-08-23,W,F,687,53.52,31.1,11.97,45.83,3.63,4.61
293202,PADUCA,2026-08-23,W,F,605,61.67,52.09,11.05,56.0,4.18,5.57
20609,HILLTOP,2026-08-23,W,F,89,27.01,14.9,9.67,28.66,4.96,7.01
20213,FRAZIER WELLS,2026-08-23,W,F,98,34.61,34.57,8.13,38.91,5.77,6.97
20309,LIMESTONE CANYON,2026-08-23,W,F,341,27.01,20.54,8.8,32.71,5.71,7.61
55522318,MOHAWK DUNES,2026-08-23,W,F,748,48.16,30.01,11.34,43.94,4.24,4.55
292901,MCGREGGOR RANGE,2026-08-23,W,F,598,53.79,35.0,11.68,47.53,3.69,5.13
20217,YELLOW JOHN MOUNTAIN,2026-08-23,W,F,289,29.41,17.95,10.09,31.52,4.77,6.52
290203,DEADMAN PEAK,2026-08-23,W,F,492,57.27,60.27,9.9,56.94,4.55,7.41
292203,SMOKEY BEAR,2026-08-23,W,F,103,38.41,32.07,9.19,41.16,5.32,7.31
21303,CANELO,2026-08-23,W,F,127,31.47,24.05,9.29,35.7,5.4,7.12
290705,CUBA,2026-08-23,W,F,474,53.69,46.72,10.49,52.01,4.31,6.39
55522271,FTHL YDMA,2026-08-23,W,F,745,54.36,45.88,10.64,51.93,4.76,4.7
291302,GRANTS,2026-08-23,W,F,122,22.87,17.77,6.29,25.25,5.92,8.81
292903,DRIPPING SPRINGS,2026-08-23,W,F,449,39.76,23.72,11.41,38.72,4.14,4.8
293101,BATDRAW,2026-08-23,W,F,565,67.01,53.75,11.81,58.57,3.67,4.9
290305,BLACK MESA,2026-08-23,W,F,612,41.36,29.19,10.09,41.15,4.67,7.22
292702,HACHITA VALLEY,2026-08-23,W,F,591,53.69,31.51,12.18,46.47,3.43,4.55
20310,MOUNTAIN LION,2026-08-23,W,F,74,10.98,3.71,4.04,10.43,6.22,8.01
20215,MORMON LAKE,2026-08-23,W,F,287,20.92,14.86,6.38,24.42,6.46,9.07
290801,TOWER,2026-08-23,W,F,532,48.54,37.7,10.47,47.09,4.46,6.44
20611,SHADOW RIM,2026-08-23,W,F,449,35.01,24.77,9.47,37.03,5.2,7.04
20219,OAK CREEK,2026-08-23,W,F,579,33.14,20.28,10.31,33.74,4.66,6.13
290205,DULCE #2,2026-08-23,W,F,409,53.71,58.72,9.01,53.87,5.01,8.63
20224,BUCKSKIN MTN,2026-08-23,W,F,420,41.06,32.74,9.98,43.03,4.92,6.47
290101,WASHINGTON PASS,2026-08-23,W,F,252,13.13,6.9,3.35,12.77,6.87,10.97
55522251,DEVILS HILLS,2026-08-23,W,F,735,40.62,27.83,10.99,39.47,4.7,4.53
20509,STANTON,2026-08-23,W,F,547,43.62,29.39,11.21,42.77,4.2,5.08
20116,UNION PASS,2026-08-23,W,F,583,54.69,35.18,12.07,48.51,3.7,4.25
21009,DRY LAKE,2026-08-23,W,F,388,34.13,19.98,9.86,33.97,4.62,6.48
55522232,CAVE CREEK,2026-08-23,W,F,543,27.55,17.11,8.86,28.1,5.08,8.7
290901,SANTA FE WATERSHED,2026-08-23,W,F,371,43.36,43.84,9.75,46.42,4.98,6.92
21207,RINCON,2026-08-23,W,F,20,7.6,2.85,2.36,6.86,6.78,7.98
55522326,NEVERSHINE,2026-08-23,W,F,681,72.75,50.71,12.76,59.1,3.1,3.97
293301,MALPAIS LAVA FLOW,2026-08-23,W,F,169,40.27,39.7,8.59,44.03,5.38,9.48
20602,PAYSON,2026-08-23,W,F,386,31.89,21.23,9.5,34.57,5.3,6.83
291402,OAK FLATS,2026-08-23,W,F,454,45.59,37.2,10.14,46.1,4.69,6.69
291301,BRUSHY MOUNTAIN,2026-08-23,W,F,209,26.47,18.39,7.47,28.98,5.58,8.1
21008,BLACK HILLS,2026-08-23,W,F,664,45.97,21.89,12.54,38.54,3.15,4.33
292504,BURRO MOUNTAIN,2026-08-23,W,F,292,45.02,45.1,10.49,44.59,4.52,6.0
293305,RAMAH,2026-08-23,W,F,303,45.18,48.55,8.63,48.38,5.31,9.66
55522210,BAKERS TANK,2026-08-23,W,F,739,45.46,29.54,11.01,43.05,4.54,4.55
20502,CROWN KING,2026-08-23,W,F,384,30.72,23.25,9.56,34.61,5.41,6.37
20511,CHERRY,2026-08-23,W,F,203,29.46,17.99,9.63,32.23,5.29,6.56
290401,CIMARRON,2026-08-23,W,F,222,20.79,15.07,4.09,19.72,6.25,9.18
21505,GOLDFIELD,2026-08-23,W,F,683,45.59,20.08,11.78,37.18,3.3,5.42
55522238,CIPRIANO,2026-08-23,W,F,712,46.38,42.38,10.45,46.27,5.08,4.52
20291,HAPPY JACK,2026-08-23,W,F,386,21.13,15.68,6.66,25.52,6.62,8.9
20119,MUSIC MOUNTAIN,2026-08-23,W,F,550,53.82,46.32,11.1,51.7,4.25,5.31
291408,SANDIA LAB,2026-08-23,W,F,265,38.3,26.33,10.15,38.73,4.66,6.41
290603,ZUNI BUTTES,2026-08-23,W,F,222,52.16,54.01,9.7,53.18,4.79,7.34
20603,PLEASANT VALLEY,2026-08-23,W,F,303,35.47,21.75,9.94,35.59,4.75,6.66
55522198,10K,2026-08-23,W,F,206,18.2,10.02,3.83,16.13,5.99,7.62
20102,FORT YUMA,2026-08-23,W,F,745,53.21,37.98,11.05,48.43,4.38,4.75
21501,SMITH PEAK,2026-08-23,W,F,657,47.68,23.58,12.27,40.8,3.45,4.29
21503,AHAKHAV PRESERVE,2026-08-23,W,F,746,62.01,39.87,12.07,51.52,3.57,4.38
292104,MAGDALENA,2026-08-23,W,F,56,20.65,10.74,5.29,19.3,5.55,7.74
293303,BLUEWATER RIDGE,2026-08-23,W,F,213,22.19,15.89,5.66,23.84,6.3,9.82
290204,JARITA MESA,2026-08-23,W,F,199,37.06,35.48,8.47,41.54,5.62,8.8
292011,GILA CENTER RAWS,2026-08-23,W,F,276,32.88,18.44,9.49,32.38,4.65,8.04
291002,BARTLEY,2026-08-23,W,F,136,25.0,20.83,4.75,24.08,6.24,7.95
20508,HUMBUG CREEK,2026-08-23,W,F,265,44.13,36.79,10.29,46.19,5.0,5.62
290201,STONE LAKE,2026-08-23,W,F,487,58.83,60.24,9.76,56.54,4.6,7.71
292904,SAN ANDRES,2026-08-23,W,F,492,33.01,17.48,11.26,32.71,4.17,5.11
290102,ALBINO CANYON,2026-08-23,W,F,484,54.29,54.45,9.62,52.37,4.71,7.8
20612,PINE,2026-08-23,W,F,463,34.42,24.68,9.55,37.12,5.3,6.66
20216,WARM SPRINGS CANYON,2026-08-23,W,F,348,29.84,26.12,7.2,33.48,5.99,7.86
290706,SANDIA LAKES,2026-08-23,W,F,678,49.02,33.93,10.93,45.28,4.12,5.85
55522341,PICACHO PEAK,2026-08-23,W,F,724,45.9,26.47,11.42,41.65,4.0,5.0
20120,TRUXTON CANYON,2026-08-23,W,F,273,46.63,33.76,11.0,45.76,4.38,5.21
20109,TWEEDS POINT,2026-08-23,W,F,556,63.13,57.15,11.37,59.21,4.15,4.88
293002,MAYHILL,2026-08-23,W,F,465,31.26,18.22,10.13,32.3,4.67,6.52
292009,PELONA MOUNTAIN,2026-08-23,W,F,239,25.07,19.42,7.08,28.46,5.6,7.99
20207,TUSAYAN,2026-08-23,W,F,352,31.45,24.21,8.74,34.99,5.62,8.11
292301,EIGHT MILE DRAW,2026-08-23,W,F,606,72.85,54.89,11.92,59.41,3.32,5.1
20107,MOUNT LOGAN,2026-08-23,W,F,157,24.75,16.88,6.64,25.86,5.75,6.64
20108,OLAF KNOLLS,2026-08-23,W,F,632,65.46,41.12,12.75,53.64,3.13,4.02
291501,MOUNTAINAIR,2026-08-23,W,F,472,48.68,34.17,10.86,45.77,4.11,6.05
55522384,TANKS,2026-08-23,W,F,304,31.55,21.12,9.73,33.83,5.03,6.73
20212,DRY PARK,2026-08-23,W,F,99,11.65,4.95,2.83,10.12,6.55,8.41
20220,LINDBERGH HILL,2026-08-23,W,F,399,24.18,20.45,5.9,27.29,6.49,8.32
292105,SEVILLETA,2026-08-23,W,F,558,57.6,39.52,11.47,50.17,3.66,5.56
20117,HURRICANE,2026-08-23,W,F,412,51.25,38.26,10.96,48.41,4.2,5.58
55522315,MIDNIGHT,2026-08-23,W,F,159,9.61,3.62,1.97,7.41,6.64,10.17
20118,HAVASU,2026-08-23,W,F,657,63.48,32.77,12.95,48.65,2.88,4.03
20114,BLACK ROCK,2026-08-23,W,F,198,24.5,14.0,9.02,26.95,5.11,6.01
292013,MOGOLLON,2026-08-23,W,F,167,28.65,17.61,8.78,30.59,5.2,6.9
20501,IRON SPRINGS,2026-08-23,W,F,384,35.35,28.15,9.49,39.35,5.48,6.64
293003,MESCAL,2026-08-23,W,F,215,28.22,19.26,8.99,31.36,5.4,7.17
291901,MELROSE RANGE,2026-08-23,W,F,654,73.98,59.64,11.79,61.39,3.42,5.37
292103,BOSQUE,2026-08-23,W,F,670,49.03,30.37,11.52,43.34,3.59,5.56
20606,TONTO BASIN,2026-08-23,W,F,603,46.62,23.41,12.02,40.28,3.56,4.64
20301,HEBER,2026-08-23,W,F,224,22.56,16.86,7.43,27.76,6.45,10.83
291202,PECOS,2026-08-23,W,F,86,50.07,51.08,9.47,50.04,4.84,6.79
292102,CHUPADERA,2026-08-23,W,F,519,53.94,38.85,11.22,49.29,3.95,5.53
20113,NIXON FLATS,2026-08-23,W,F,307,30.55,21.12,9.4,33.99,5.31,6.96
291101,MILLS CANYON,2026-08-23,W,F,541,55.0,50.44,10.39,52.24,4.41,6.55
55522257,DUTCH KID,2026-08-23,W,F,115,30.64,24.12,8.82,35.19,5.79,7.48
292012,DATIL,2026-08-23,W,F,173,21.09,15.09,5.73,23.15,5.93,8.92
293105,QUEEN,2026-08-23,W,F,370,47.19,30.38,11.21,43.92,3.97,5.49
290202,COYOTE,2026-08-23,W,F,243,38.88,39.48,7.93,42.27,5.68,9.21
293004,COSMIC,2026-08-23,W,F,69,6.38,2.02,2.46,5.39,6.48,7.43
20115,MOSS BASIN,2026-08-23,W,F,399,42.87,33.02,10.36,44.05,4.79,5.74
20312,HOPI,2026-08-23,W,F,476,57.79,59.93,10.01,57.09,4.64,6.88
293104,CAPROCK,2026-08-23,W,F,493,68.2,58.05,11.36,59.57,3.84,5.51
292008,SLAUGHTER,2026-08-23,W,F,16,11.54,6.35,2.6,10.86,6.82,10.15
21504,BELMONT,2026-08-23,W,F,693,45.74,23.26,12.09,40.26,3.67,4.22
20121,CIBOLA,2026-08-23,W,F,749,69.31,49.27,12.27,57.28,3.49,4.12
20610,RED LAKE,2026-08-23,W,F,100,20.03,12.03,7.49,23.44,6.13,8.24
55523735,RED CANYON,2026-08-23,W,F,381,39.69,32.68,9.83,42.79,4.95,6.71
21206,SASABE,2026-08-23,W,F,628,33.77,21.34,9.31,34.33,5.12,8.35
292001,BEAVERHEAD,2026-08-23,W,F,183,29.06,20.9,9.11,33.33,5.12,8.01
55523738,T BAR,2026-08-23,W,F,29,19.2,9.92,4.4,17.11,5.78,9.07
292004,LUNA,2026-08-23,W,F,264,32.0,27.65,8.82,37.44,5.43,8.19
20608,SAN CARLOS #1,2026-08-23,W,F,611,46.91,20.91,12.55,38.6,3.1,4.43
21205,EMPIRE,2026-08-23,W,F,285,35.96,21.81,10.13,36.05,4.73,6.32
293304,LAGUNA,2026-08-23,W,F,546,47.88,43.07,10.6,47.03,4.17,6.43
20402,PINEY HILL,2026-08-23,W,F,188,23.49,19.79,6.77,28.28,6.57,10.53
20284,GREENBASE,2026-08-23,W,F,228,23.52,18.18,6.87,27.52,6.4,8.34
55523737,SOWATS,2026-08-23,W,F,160,36.33,31.64,9.21,40.32,5.44,7.21
20401,ALPINE,2026-08-23,W,F,88,7.81,2.54,2.5,7.05,6.96,10.11
55522344,PINEDALE,2026-08-23,W,F,262,26.25,20.4,8.17,31.67,6.17,8.81
55523718,CEDAR RIDGE,2026-08-23,W,F,330,32.29,27.71,9.3,38.7,5.9,6.34
21105,TRAIL CABIN,2026-08-23,W,F,419,41.59,26.03,10.66,40.04,4.23,6.15
290210,TRUCHAS,2026-08-23,W,F,251,37.56,32.1,9.22,41.24,5.3,7.58
20209,FLAGSTAFF,2026-08-23,W,F,288,24.55,19.54,7.29,29.07,6.27,9.2
20226,PARIA POINT,2026-08-23,W,F,401,28.38,20.84,9.04,33.48,5.71,7.29
290702,JEMEZ,2026-08-23,W,F,316,45.98,44.95,9.55,48.94,5.14,7.17
20503,VERDE,2026-08-23,W,F,556,35.49,18.74,10.43,34.08,4.3,6.45
290307,WILD RIVERS,2026-08-23,W,F,520,32.34,27.49,8.21,36.41,5.88,8.66
20211,BRIGHT ANGEL,2026-08-23,X,F,270,41.06,89.35,69.42,162.46,5.88,7.84
20221,PROMONTORY,2026-08-23,X,F,129,12.58,13.99,35.27,52.17,7.66,8.5
20227,FOUR SPRINGS,2026-08-23,X,F,288,45.23,81.57,84.13,175.0,5.45,7.1
20303,LAKESIDE,2026-08-23,X,F,22,24.81,43.46,61.34,113.23,7.1,10.1
21209,SELLS,2026-08-23,X,F,515,49.84,64.03,88.1,159.83,4.63,6.5
21414,RUCKER,2026-08-23,X,F,60,32.8,35.33,80.45,114.49,4.74,6.08
20404,GREER,2026-08-23,X,F,59,12.4,14.86,32.72,51.81,7.82,11.75
21106,STRAY HORSE,2026-08-23,X,F,115,25.05,42.18,56.84,93.35,5.63,7.07
21005,COLUMBINE,2026-08-23,X,F,42,7.29,4.91,29.94,26.5,6.76,8.02
21502,OATMAN,2026-08-23,X,F,638,62.77,77.09,94.9,180.35,3.9,4.53
21302,HOPKINS,2026-08-23,X,F,485,31.41,64.91,78.3,145.72,6.69,7.76
20507,GOODWIN MESA,2026-08-23,X,F,454,68.61,110.76,93.14,211.24,4.02,5.01
21010,NOON CREEK,2026-08-23,X,F,464,59.76,76.53,95.58,177.1,3.52,4.96
20510,SUNSET POINT,2026-08-23,X,F,621,59.92,76.6,93.19,178.33,3.99,5.21
21411,CARR,2026-08-23,X,F,91,32.5,54.21,84.48,133.85,5.39,6.66
21409,HEADQUARTERS,2026-08-23,X,F,470,48.03,55.78,91.52,152.76,4.23,5.61
21202,SAGUARO,2026-08-23,X,F,433,52.6,56.67,93.7,155.64,3.89,5.17
21007,MULESHOE RANCH,2026-08-23,X,F,374,49.02,56.03,92.25,153.72,4.07,5.44
21104,GUTHRIE,2026-08-23,X,F,406,59.39,146.45,90.72,210.28,4.31,5.65
21208,SCOUT CAMP,2026-08-23,X,F,95,15.18,25.94,35.35,68.39,8.02,11.79
55522385,TAOS PUEBLO RAWS,2026-08-23,X,F,456,52.17,177.97,81.67,247.33,5.43,8.48
20903,HORSE CAMP CANYON,2026-08-23,X,F,577,63.61,87.49,91.33,187.82,3.95,6.02
292302,DUNKEN,2026-08-23,X,F,488,69.24,137.07,93.54,233.19,3.87,5.25
20601,GLOBE,2026-08-23,X,F,517,51.71,65.22,92.32,164.8,4.2,5.09
20223,GUNSIGHT,2026-08-23,X,F,525,61.28,96.98,90.62,195.61,4.35,5.8
20307,NAVAJO MONUMENT,2026-08-23,X,F,202,49.03,92.56,83.55,185.01,5.35,7.5
292005,RESERVE,2026-08-23,X,F,458,55.52,94.87,86.95,190.19,4.57,7.26
20906,CASA GRANDE,2026-08-23,X,F,687,70.0,89.26,95.83,193.8,3.63,4.61
293202,PADUCA,2026-08-23,X,F,605,67.28,148.12,91.89,239.97,4.18,5.57
20609,HILLTOP,2026-08-23,X,F,89,35.99,44.39,85.81,131.43,4.96,7.01
20213,FRAZIER WELLS,2026-08-23,X,F,98,45.58,100.56,75.73,180.72,5.77,6.97
20309,LIMESTONE CANYON,2026-08-23,X,F,341,35.69,60.18,81.74,149.78,5.71,7.61
55522318,MOHAWK DUNES,2026-08-23,X,F,748,63.15,86.54,92.99,188.3,4.24,4.55
292901,MCGREGGOR RANGE,2026-08-23,X,F,598,70.29,100.24,94.68,202.62,3.69,5.13
20217,YELLOW JOHN MOUNTAIN,2026-08-23,X,F,289,39.01,52.98,87.68,143.22,4.77,6.52
290203,DEADMAN PEAK,2026-08-23,X,F,492,59.2,171.46,86.97,250.25,4.55,7.41
292203,SMOKEY BEAR,2026-08-23,X,F,103,50.42,92.69,83.63,185.21,5.32,7.31
21303,CANELO,2026-08-23,X,F,127,41.59,70.01,83.96,161.77,5.4,7.12
290705,CUBA,2026-08-23,X,F,474,62.86,133.41,89.52,225.97,4.31,6.39
55522271,FTHL YDMA,2026-08-23,X,F,745,64.1,131.01,89.91,224.53,4.76,4.7
291302,GRANTS,2026-08-23,X,F,122,30.68,53.52,65.9,123.79,5.92,8.81
292903,DRIPPING SPRINGS,2026-08-23,X,F,449,52.38,68.92,93.36,166.45,4.14,4.8
293101,BATDRAW,2026-08-23,X,F,565,72.18,152.12,95.18,246.9,3.67,4.9
290305,BLACK MESA,2026-08-23,X,F,612,54.33,84.51,87.74,181.48,4.67,7.22
292702,HACHITA VALLEY,2026-08-23,X,F,591,70.15,90.22,96.77,195.63,3.43,4.55
20310,MOUNTAIN LION,2026-08-23,X,F,74,17.48,19.51,53.87,66.89,6.22,8.01
20215,MORMON LAKE,2026-08-23,X,F,287,27.98,44.57,66.77,119.24,6.46,9.07
290801,TOWER,2026-08-23,X,F,532,62.24,108.26,89.42,205.15,4.46,6.44
20611,SHADOW RIM,2026-08-23,X,F,449,46.14,72.15,84.8,166.11,5.2,7.04
20219,OAK CREEK,2026-08-23,X,F,579,43.92,59.26,88.65,149.13,4.66,6.13
290205,DULCE #2,2026-08-23,X,F,409,56.39,167.45,82.96,242.23,5.01,8.63
20224,BUCKSKIN MTN,2026-08-23,X,F,420,53.86,94.49,87.1,190.16,4.92,6.47
290101,WASHINGTON PASS,2026-08-23,X,F,252,20.78,33.79,50.97,86.39,6.87,10.97
55522251,DEVILS HILLS,2026-08-23,X,F,735,53.46,80.61,91.3,173.87,4.7,4.53
20509,STANTON,2026-08-23,X,F,547,57.34,85.0,92.48,184.96,4.2,5.08
20116,UNION PASS,2026-08-23,X,F,583,71.41,100.62,96.18,204.77,3.7,4.25
21009,DRY LAKE,2026-08-23,X,F,388,45.18,58.74,85.48,151.18,4.62,6.48
55522232,CAVE CREEK,2026-08-23,X,F,543,36.76,50.7,82.09,133.71,5.08,8.7
290901,SANTA FE WATERSHED,2026-08-23,X,F,371,55.2,125.68,86.17,210.55,4.98,6.92
21207,RINCON,2026-08-23,X,F,20,12.21,12.95,32.9,45.2,6.78,7.98
55522326,NEVERSHINE,2026-08-23,X,F,681,81.43,142.76,99.16,244.35,3.1,3.97
293301,MALPAIS LAVA FLOW,2026-08-23,X,F,169,51.81,114.19,80.95,200.84,5.38,9.48
20602,PAYSON,2026-08-23,X,F,386,42.15,62.16,84.96,155.24,5.3,6.83
291402,OAK FLATS,2026-08-23,X,F,454,58.86,106.96,87.91,202.37,4.69,6.69
291301,BRUSHY MOUNTAIN,2026-08-23,X,F,209,35.31,54.91,72.35,136.19,5.58,8.1
21008,BLACK HILLS,2026-08-23,X,F,664,60.45,64.01,98.32,162.25,3.15,4.33
292504,BURRO MOUNTAIN,2026-08-23,X,F,292,59.0,132.19,89.43,194.46,4.52,6.0
293305,RAMAH,2026-08-23,X,F,303,52.67,139.01,81.14,220.1,5.31,9.66
55522210,BAKERS TANK,2026-08-23,X,F,739,59.66,85.31,91.49,185.8,4.54,4.55
20502,CROWN KING,2026-08-23,X,F,384,40.58,67.58,85.15,156.59,5.41,6.37
20511,CHERRY,2026-08-23,X,F,203,39.05,53.04,85.48,144.68,5.29,6.56
290401,CIMARRON,2026-08-23,X,F,222,30.73,56.94,54.27,120.61,6.25,9.18
21505,GOLDFIELD,2026-08-23,X,F,683,60.07,58.48,95.25,159.1,3.3,5.42
55522238,CIPRIANO,2026-08-23,X,F,712,60.28,121.24,88.83,204.78,5.08,4.52
20291,HAPPY JACK,2026-08-23,X,F,386,28.15,46.68,68.6,123.28,6.62,8.9
20119,MUSIC MOUNTAIN,2026-08-23,X,F,550,65.0,132.32,92.08,224.78,4.25,5.31
291408,SANDIA LAB,2026-08-23,X,F,265,50.43,76.53,87.97,170.91,4.66,6.41
290603,ZUNI BUTTES,2026-08-23,X,F,222,58.78,154.02,86.02,235.85,4.79,7.34
20603,PLEASANT VALLEY,2026-08-23,X,F,303,46.86,63.67,86.99,158.52,4.75,6.66
55522198,10K,2026-08-23,X,F,206,32.06,51.94,52.9,114.88,5.99,7.62
20102,FORT YUMA,2026-08-23,X,F,745,67.99,108.88,91.78,208.17,4.38,4.75
21501,SMITH PEAK,2026-08-23,X,F,657,62.61,68.22,97.1,172.22,3.45,4.29
21503,AHAKHAV PRESERVE,2026-08-23,X,F,746,77.33,113.52,96.23,216.82,3.57,4.38
292104,MAGDALENA,2026-08-23,X,F,56,29.12,35.84,59.92,102.62,5.55,7.74
293303,BLUEWATER RIDGE,2026-08-23,X,F,213,29.83,48.15,62.81,120.05,6.3,9.82
290204,JARITA MESA,2026-08-23,X,F,199,48.61,102.35,80.38,190.36,5.62,8.8
292011,GILA CENTER RAWS,2026-08-23,X,F,276,43.61,54.41,85.21,146.22,4.65,8.04
291002,BARTLEY,2026-08-23,X,F,136,35.85,71.84,57.29,136.68,6.24,7.95
20508,HUMBUG CREEK,2026-08-23,X,F,265,57.29,105.71,88.37,201.82,5.0,5.62
290201,STONE LAKE,2026-08-23,X,F,487,59.87,171.44,86.37,249.45,4.6,7.71
292904,SAN ANDRES,2026-08-23,X,F,492,43.84,51.55,92.73,142.1,4.17,5.11
290102,ALBINO CANYON,2026-08-23,X,F,484,59.14,155.52,85.72,234.96,4.71,7.8
20612,PINE,2026-08-23,X,F,463,45.35,71.87,85.13,166.05,5.3,6.66
20216,WARM SPRINGS CANYON,2026-08-23,X,F,348,39.58,77.1,70.79,157.61,5.99,7.86
290706,SANDIA LAKES,2026-08-23,X,F,678,64.2,97.65,91.45,196.63,4.12,5.85
55522341,PICACHO PEAK,2026-08-23,X,F,724,60.29,76.59,93.48,178.57,4.0,5.0
20120,TRUXTON CANYON,2026-08-23,X,F,273,61.06,97.12,91.57,197.21,4.38,5.21
20109,TWEEDS POINT,2026-08-23,X,F,556,65.76,162.06,93.16,251.7,4.15,4.88
293002,MAYHILL,2026-08-23,X,F,465,41.45,53.76,87.89,145.49,4.67,6.52
292009,PELONA MOUNTAIN,2026-08-23,X,F,239,33.59,58.02,69.88,136.17,5.6,7.99
20207,TUSAYAN,2026-08-23,X,F,352,41.49,70.64,81.54,160.82,5.62,8.11
292301,EIGHT MILE DRAW,2026-08-23,X,F,606,77.42,154.83,95.85,249.7,3.32,5.1
20107,MOUNT LOGAN,2026-08-23,X,F,157,33.54,52.01,66.52,126.68,5.75,6.64
20108,OLAF KNOLLS,2026-08-23,X,F,632,80.41,116.36,99.13,222.37,3.13,4.02
291501,MOUNTAINAIR,2026-08-23,X,F,472,63.73,98.25,91.17,197.96,4.11,6.05
55522384,TANKS,2026-08-23,X,F,304,41.7,61.92,86.05,153.53,5.03,6.73
20212,DRY PARK,2026-08-23,X,F,99,25.18,38.79,44.56,92.88,6.55,8.41
20220,LINDBERGH HILL,2026-08-23,X,F,399,32.36,61.45,63.7,135.25,6.49,8.32
292105,SEVILLETA,2026-08-23,X,F,558,72.15,112.78,93.86,213.77,3.66,5.56
20117,HURRICANE,2026-08-23,X,F,412,65.24,109.66,91.52,208.57,4.2,5.58
55522315,MIDNIGHT,2026-08-23,X,F,159,15.55,15.88,30.76,51.94,6.64,10.17
20118,HAVASU,2026-08-23,X,F,657,82.59,93.04,100.0,201.43,2.88,4.03
20114,BLACK ROCK,2026-08-23,X,F,198,32.82,42.13,79.66,123.91,5.11,6.01
292013,MOGOLLON,2026-08-23,X,F,167,38.13,52.31,79.27,138.9,5.2,6.9
20501,IRON SPRINGS,2026-08-23,X,F,384,46.46,81.58,84.83,175.8,5.48,6.64
293003,MESCAL,2026-08-23,X,F,215,37.36,56.65,81.57,144.03,5.4,7.17
291901,MELROSE RANGE,2026-08-23,X,F,654,75.43,168.11,95.26,258.61,3.42,5.37
292103,BOSQUE,2026-08-23,X,F,670,64.29,87.57,94.13,187.84,3.59,5.56
20606,TONTO BASIN,2026-08-23,X,F,603,61.27,67.81,96.06,170.98,3.56,4.64
20301,HEBER,2026-08-23,X,F,224,29.96,49.86,75.27,132.67,6.45,10.83
291202,PECOS,2026-08-23,X,F,86,56.84,146.65,83.16,223.16,4.84,6.79
292102,CHUPADERA,2026-08-23,X,F,519,68.14,111.13,92.73,211.14,3.95,5.53
20113,NIXON FLATS,2026-08-23,X,F,307,40.37,61.89,84.51,153.84,5.31,6.96
291101,MILLS CANYON,2026-08-23,X,F,541,63.32,144.05,89.09,230.48,4.41,6.55
55522257,DUTCH KID,2026-08-23,X,F,115,40.4,70.31,81.8,160.97,5.79,7.48
292012,DATIL,2026-08-23,X,F,173,28.5,46.25,62.8,117.29,5.93,8.92
293105,QUEEN,2026-08-23,X,F,370,61.86,87.55,92.62,188.99,3.97,5.49
290202,COYOTE,2026-08-23,X,F,243,48.74,113.89,76.49,195.16,5.68,9.21
293004,COSMIC,2026-08-23,X,F,69,10.57,9.51,33.69,37.57,6.48,7.43
20115,MOSS BASIN,2026-08-23,X,F,399,56.2,95.19,88.71,192.64,4.79,5.74
20312,HOPI,2026-08-23,X,F,476,60.31,170.44,87.36,250.09,4.64,6.88
293104,CAPROCK,2026-08-23,X,F,493,70.48,164.38,93.3,253.32,3.84,5.51
292008,SLAUGHTER,2026-08-23,X,F,16,24.56,48.25,45.69,102.77,6.82,10.15
21504,BELMONT,2026-08-23,X,F,693,60.14,67.44,96.28,170.63,3.67,4.22
20121,CIBOLA,2026-08-23,X,F,749,78.9,139.49,97.05,239.34,3.49,4.12
20610,RED LAKE,2026-08-23,X,F,100,26.83,36.18,73.43,112.24,6.13,8.24
55523735,RED CANYON,2026-08-23,X,F,381,52.06,94.33,86.49,189.46,4.95,6.71
21206,SASABE,2026-08-23,X,F,628,44.64,62.54,84.23,155.07,5.12,8.35
292001,BEAVERHEAD,2026-08-23,X,F,183,38.55,61.27,83.33,151.97,5.12,8.01
55523738,T BAR,2026-08-23,X,F,29,27.84,39.17,55.86,100.89,5.78,9.07
292004,LUNA,2026-08-23,X,F,264,42.2,80.24,81.94,170.97,5.43,8.19
20608,SAN CARLOS #1,2026-08-23,X,F,611,61.68,61.06,98.4,162.43,3.1,4.43
21205,EMPIRE,2026-08-23,X,F,285,47.48,63.78,87.85,159.54,4.73,6.32
293304,LAGUNA,2026-08-23,X,F,546,62.72,123.15,90.07,209.28,4.17,6.43
20402,PINEY HILL,2026-08-23,X,F,188,31.1,58.23,70.17,137.2,6.57,10.53
20284,GREENBASE,2026-08-23,X,F,228,31.28,53.95,69.51,132.2,6.4,8.34
55523737,SOWATS,2026-08-23,X,F,160,47.7,91.46,83.58,182.68,5.44,7.21
20401,ALPINE,2026-08-23,X,F,88,16.96,20.1,43.93,68.18,6.96,10.11
55522344,PINEDALE,2026-08-23,X,F,262,34.71,59.82,78.85,147.39,6.17,8.81
55523718,CEDAR RIDGE,2026-08-23,X,F,330,42.43,80.22,83.82,173.49,5.9,6.34
21105,TRAIL CABIN,2026-08-23,X,F,419,54.7,75.55,90.3,174.65,4.23,6.15
290210,TRUCHAS,2026-08-23,X,F,251,49.31,92.78,83.75,185.43,5.3,7.58
20209,FLAGSTAFF,2026-08-23,X,F,288,32.54,57.6,72.33,138.33,6.27,9.2
20226,PARIA POINT,2026-08-23,X,F,401,37.5,61.04,82.76,152.0,5.71,7.29
290702,JEMEZ,2026-08-23,X,F,316,54.0,128.71,85.24,217.31,5.14,7.17
20503,VERDE,2026-08-23,X,F,556,47.0,55.14,89.24,150.28,4.3,6.45
290307,WILD RIVERS,2026-08-23,X,F,520,42.57,87.71,79.13,168.63,5.88,8.66
20211,BRIGHT ANGEL,2026-08-23,Y,F,270,41.6,4.21,44.51,32.96,5.88,7.84
20221,PROMONTORY,2026-08-23,Y,F,129,22.6,2.17,40.28,23.5,7.66,8.5
20227,FOUR SPRINGS,2026-08-23,Y,F,288,41.78,3.35,51.07,31.99,5.45,7.1
20303,LAKESIDE,2026-08-23,Y,F,22,26.87,2.45,32.63,22.35,7.1,10.1
21209,SELLS,2026-08-23,Y,F,515,49.34,3.02,52.72,30.91,4.63,6.5
21414,RUCKER,2026-08-23,Y,F,60,39.49,2.4,44.59,25.27,4.74,6.08
20404,GREER,2026-08-23,Y,F,59,21.45,2.14,31.23,20.78,7.82,11.75
21106,STRAY HORSE,2026-08-23,Y,F,115,33.99,2.8,47.14,27.87,5.63,7.07
21005,COLUMBINE,2026-08-23,Y,F,42,23.38,1.8,32.65,19.2,6.76,8.02
21502,OATMAN,2026-08-23,Y,F,638,61.81,3.59,67.53,37.63,3.9,4.53
21302,HOPKINS,2026-08-23,Y,F,485,29.8,2.54,47.1,27.2,6.69,7.76
20507,GOODWIN MESA,2026-08-23,Y,F,454,65.41,4.54,53.94,37.7,4.02,5.01
21010,NOON CREEK,2026-08-23,Y,F,464,59.61,3.53,58.89,34.61,3.52,4.96
20510,SUNSET POINT,2026-08-23,Y,F,621,58.75,3.54,59.9,35.32,3.99,5.21
21411,CARR,2026-08-23,Y,F,91,35.6,2.27,48.65,26.22,5.39,6.66
21409,HEADQUARTERS,2026-08-23,Y,F,470,49.69,2.87,51.69,29.97,4.23,5.61
21202,SAGUARO,2026-08-23,Y,F,433,54.9,2.97,55.94,31.59,3.89,5.17
21007,MULESHOE RANCH,2026-08-23,Y,F,374,50.84,2.9,52.56,30.37,4.07,5.44
21104,GUTHRIE,2026-08-23,Y,F,406,55.22,4.52,56.72,36.86,4.31,5.65
21208,SCOUT CAMP,2026-08-23,Y,F,95,21.94,2.5,43.39,25.97,8.02,11.79
55522385,TAOS PUEBLO RAWS,2026-08-23,Y,F,456,52.17,6.03,45.77,39.93,5.43,8.48
20903,HORSE CAMP CANYON,2026-08-23,Y,F,577,60.92,3.86,57.42,35.99,3.95,6.02
292302,DUNKEN,2026-08-23,Y,F,488,69.24,5.4,59.89,42.84,3.87,5.25
20601,GLOBE,2026-08-23,Y,F,517,51.71,3.14,59.69,33.4,4.2,5.09
20223,GUNSIGHT,2026-08-23,Y,F,525,56.97,4.03,53.71,35.56,4.35,5.8
20307,NAVAJO MONUMENT,2026-08-23,Y,F,202,44.49,3.66,47.23,32.16,5.35,7.5
292005,RESERVE,2026-08-23,Y,F,458,51.54,3.84,38.41,29.92,4.57,7.26
20906,CASA GRANDE,2026-08-23,Y,F,687,67.75,4.02,57.54,36.74,3.63,4.61
293202,PADUCA,2026-08-23,Y,F,605,67.28,5.62,60.3,43.88,4.18,5.57
20609,HILLTOP,2026-08-23,Y,F,89,38.05,2.34,40.19,23.85,4.96,7.01
20213,FRAZIER WELLS,2026-08-23,Y,F,98,43.89,4.37,49.04,35.17,5.77,6.97
20309,LIMESTONE CANYON,2026-08-23,Y,F,341,35.06,2.68,45.46,27.41,5.71,7.61
55522318,MOHAWK DUNES,2026-08-23,Y,F,748,60.21,3.78,65.94,38.05,4.24,4.55
292901,MCGREGGOR RANGE,2026-08-23,Y,F,598,66.53,4.32,60.91,38.92,3.69,5.13
20217,YELLOW JOHN MOUNTAIN,2026-08-23,Y,F,289,41.2,2.58,43.69,25.91,4.77,6.52
290203,DEADMAN PEAK,2026-08-23,Y,F,492,59.2,6.14,49.76,41.83,4.55,7.41
292203,SMOKEY BEAR,2026-08-23,Y,F,103,45.74,3.67,36.33,28.33,5.32,7.31
21303,CANELO,2026-08-23,Y,F,127,40.41,2.95,42.57,27.79,5.4,7.12
290705,CUBA,2026-08-23,Y,F,474,61.85,5.09,47.93,37.72,4.31,6.39
55522271,FTHL YDMA,2026-08-23,Y,F,745,62.73,4.93,56.94,40.23,4.76,4.7
291302,GRANTS,2026-08-23,Y,F,122,34.26,2.88,37.32,25.88,5.92,8.81
292903,DRIPPING SPRINGS,2026-08-23,Y,F,449,52.66,3.2,61.61,34.17,4.14,4.8
293101,BATDRAW,2026-08-23,Y,F,565,72.18,5.95,65.59,46.8,3.67,4.9
290305,BLACK MESA,2026-08-23,Y,F,612,51.08,3.59,50.35,32.87,4.67,7.22
292702,HACHITA VALLEY,2026-08-23,Y,F,591,68.32,4.11,60.67,38.09,3.43,4.55
20310,MOUNTAIN LION,2026-08-23,Y,F,74,27.01,1.81,36.1,20.48,6.22,8.01
20215,MORMON LAKE,2026-08-23,Y,F,287,30.65,2.57,37.41,24.5,6.46,9.07
290801,TOWER,2026-08-23,Y,F,532,57.95,4.34,52.02,36.38,4.46,6.44
20611,SHADOW RIM,2026-08-23,Y,F,449,43.79,3.13,40.96,27.86,5.2,7.04
20219,OAK CREEK,2026-08-23,Y,F,579,44.92,2.75,51.14,29.22,4.66,6.13
290205,DULCE #2,2026-08-23,Y,F,409,56.39,5.84,42.49,38.01,5.01,8.63
20224,BUCKSKIN MTN,2026-08-23,Y,F,420,49.41,3.82,50.72,33.86,4.92,6.47
290101,WASHINGTON PASS,2026-08-23,Y,F,252,26.54,2.28,40.41,24.07,6.87,10.97
55522251,DEVILS HILLS,2026-08-23,Y,F,735,51.45,3.28,66.0,35.56,4.7,4.53
20509,STANTON,2026-08-23,Y,F,547,55.96,3.65,62.74,36.56,4.2,5.08
20116,UNION PASS,2026-08-23,Y,F,583,67.78,4.36,66.41,40.7,3.7,4.25
21009,DRY LAKE,2026-08-23,Y,F,388,46.68,3.01,48.17,29.56,4.62,6.48
55522232,CAVE CREEK,2026-08-23,Y,F,543,38.59,2.38,55.75,28.14,5.08,8.7
290901,SANTA FE WATERSHED,2026-08-23,Y,F,371,50.08,4.52,43.36,33.43,4.98,6.92
21207,RINCON,2026-08-23,Y,F,20,28.4,2.7,40.13,26.0,6.78,7.98
55522326,NEVERSHINE,2026-08-23,Y,F,681,81.43,5.88,71.22,48.39,3.1,3.97
293301,MALPAIS LAVA FLOW,2026-08-23,Y,F,169,46.16,4.21,34.61,29.76,5.38,9.48
20602,PAYSON,2026-08-23,Y,F,386,41.06,2.84,48.81,29.04,5.3,6.83
291402,OAK FLATS,2026-08-23,Y,F,454,54.12,4.23,46.82,34.23,4.69,6.69
291301,BRUSHY MOUNTAIN,2026-08-23,Y,F,209,37.6,2.99,40.31,27.24,5.58,8.1
21008,BLACK HILLS,2026-08-23,Y,F,664,64.56,3.24,65.74,35.42,3.15,4.33
292504,BURRO MOUNTAIN,2026-08-23,Y,F,292,54.67,4.09,51.86,34.85,4.52,6.0
293305,RAMAH,2026-08-23,Y,F,303,50.69,4.93,35.38,32.33,5.31,9.66
55522210,BAKERS TANK,2026-08-23,Y,F,739,56.48,3.68,67.56,37.98,4.54,4.55
20502,CROWN KING,2026-08-23,Y,F,384,39.44,2.82,47.64,28.6,5.41,6.37
20511,CHERRY,2026-08-23,Y,F,203,39.37,2.59,46.2,27.12,5.29,6.56
290401,CIMARRON,2026-08-23,Y,F,222,36.04,3.61,36.24,28.31,6.25,9.18
21505,GOLDFIELD,2026-08-23,Y,F,683,63.68,3.16,57.6,32.83,3.3,5.42
55522238,CIPRIANO,2026-08-23,Y,F,712,54.75,4.23,63.78,39.0,5.08,4.52
20291,HAPPY JACK,2026-08-23,Y,F,386,29.97,2.54,35.76,23.89,6.62,8.9
20119,MUSIC MOUNTAIN,2026-08-23,Y,F,550,63.67,5.02,57.05,40.17,4.25,5.31
291408,SANDIA LAB,2026-08-23,Y,F,265,48.53,3.29,53.24,32.34,4.66,6.41
290603,ZUNI BUTTES,2026-08-23,Y,F,222,58.0,5.45,42.97,37.04,4.79,7.34
20603,PLEASANT VALLEY,2026-08-23,Y,F,303,46.19,2.98,43.87,28.1,4.75,6.66
55522198,10K,2026-08-23,Y,F,206,39.42,3.77,41.96,30.89,5.99,7.62
20102,FORT YUMA,2026-08-23,Y,F,745,63.77,4.4,60.9,39.3,4.38,4.75
21501,SMITH PEAK,2026-08-23,Y,F,657,64.15,3.44,67.83,36.92,3.45,4.29
21503,AHAKHAV PRESERVE,2026-08-23,Y,F,746,75.67,4.79,61.25,40.91,3.57,4.38
292104,MAGDALENA,2026-08-23,Y,F,56,36.9,2.77,42.16,26.81,5.55,7.74
293303,BLUEWATER RIDGE,2026-08-23,Y,F,213,33.03,2.84,40.63,26.62,6.3,9.82
290204,JARITA MESA,2026-08-23,Y,F,199,43.12,3.87,42.8,31.59,5.62,8.8
292011,GILA CENTER RAWS,2026-08-23,Y,F,276,44.43,2.72,35.1,24.38,4.65,8.04
291002,BARTLEY,2026-08-23,Y,F,136,39.87,4.27,41.04,32.07,6.24,7.95
20508,HUMBUG CREEK,2026-08-23,Y,F,265,52.12,4.14,54.95,36.51,5.0,5.62
290201,STONE LAKE,2026-08-23,Y,F,487,59.87,6.13,46.85,40.63,4.6,7.71
292904,SAN ANDRES,2026-08-23,Y,F,492,47.39,2.64,59.8,30.89,4.17,5.11
290102,ALBINO CANYON,2026-08-23,Y,F,484,59.14,5.57,53.99,41.31,4.71,7.8
20612,PINE,2026-08-23,Y,F,463,43.0,3.11,47.41,29.84,5.3,6.66
20216,WARM SPRINGS CANYON,2026-08-23,Y,F,348,39.86,3.77,40.98,30.52,5.99,7.86
290706,SANDIA LAKES,2026-08-23,Y,F,678,59.88,4.08,54.3,35.9,4.12,5.85
55522341,PICACHO PEAK,2026-08-23,Y,F,724,59.12,3.54,61.62,35.78,4.0,5.0
20120,TRUXTON CANYON,2026-08-23,Y,F,273,56.86,4.05,58.25,37.11,4.38,5.21
20109,TWEEDS POINT,2026-08-23,Y,F,556,65.76,6.07,62.71,46.28,4.15,4.88
293002,MAYHILL,2026-08-23,Y,F,465,42.06,2.66,44.4,26.57,4.67,6.52
292009,PELONA MOUNTAIN,2026-08-23,Y,F,239,36.83,3.15,42.61,28.66,5.6,7.99
20207,TUSAYAN,2026-08-23,Y,F,352,38.96,3.0,37.35,26.12,5.62,8.11
292301,EIGHT MILE DRAW,2026-08-23,Y,F,606,77.42,6.15,60.9,45.86,3.32,5.1
20107,MOUNT LOGAN,2026-08-23,Y,F,157,38.19,3.24,50.43,31.2,5.75,6.64
20108,OLAF KNOLLS,2026-08-23,Y,F,632,80.41,5.05,69.56,44.57,3.13,4.02
291501,MOUNTAINAIR,2026-08-23,Y,F,472,59.59,4.13,48.16,34.3,4.11,6.05
55522384,TANKS,2026-08-23,Y,F,304,40.88,2.81,43.41,26.96,5.03,6.73
20212,DRY PARK,2026-08-23,Y,F,99,33.64,3.33,38.18,27.89,6.55,8.41
20220,LINDBERGH HILL,2026-08-23,Y,F,399,34.41,3.34,42.87,29.53,6.49,8.32
292105,SEVILLETA,2026-08-23,Y,F,558,70.0,4.71,52.47,37.86,3.66,5.56
20117,HURRICANE,2026-08-23,Y,F,412,61.58,4.45,54.89,37.74,4.2,5.58
55522315,MIDNIGHT,2026-08-23,Y,F,159,33.62,3.57,30.98,26.15,6.64,10.17
20118,HAVASU,2026-08-23,Y,F,657,81.73,4.38,65.65,40.6,2.88,4.03
20114,BLACK ROCK,2026-08-23,Y,F,198,37.69,2.56,52.53,28.35,5.11,6.01
292013,MOGOLLON,2026-08-23,Y,F,167,40.64,2.86,47.29,28.71,5.2,6.9
20501,IRON SPRINGS,2026-08-23,Y,F,384,42.91,3.35,45.32,30.26,5.48,6.64
293003,MESCAL,2026-08-23,Y,F,215,37.53,2.74,37.01,24.7,5.4,7.17
291901,MELROSE RANGE,2026-08-23,Y,F,654,75.43,6.52,57.56,45.95,3.42,5.37
292103,BOSQUE,2026-08-23,Y,F,670,63.05,3.86,54.06,34.67,3.59,5.56
20606,TONTO BASIN,2026-08-23,Y,F,603,62.51,3.39,61.1,34.95,3.56,4.64
20301,HEBER,2026-08-23,Y,F,224,29.59,2.34,35.5,22.98,6.45,10.83
291202,PECOS,2026-08-23,Y,F,86,56.84,5.73,46.54,38.83,4.84,6.79
292102,CHUPADERA,2026-08-23,Y,F,519,65.18,4.57,55.65,38.44,3.95,5.53
20113,NIXON FLATS,2026-08-23,Y,F,307,39.25,2.81,43.54,27.25,5.31,6.96
291101,MILLS CANYON,2026-08-23,Y,F,541,63.32,5.31,49.63,38.64,4.41,6.55
55522257,DUTCH KID,2026-08-23,Y,F,115,37.86,2.97,37.14,25.93,5.79,7.48
292012,DATIL,2026-08-23,Y,F,173,33.21,2.84,37.88,25.88,5.93,8.92
293105,QUEEN,2026-08-23,Y,F,241,59.28,3.87,57.84,36.18,3.97,5.49
290202,COYOTE,2026-08-23,Y,F,243,46.18,4.49,40.97,33.05,5.68,9.21
293004,COSMIC,2026-08-23,Y,F,69,27.37,2.27,40.78,23.72,6.48,7.43
20115,MOSS BASIN,2026-08-23,Y,F,399,51.74,3.88,47.77,33.11,4.79,5.74
20312,HOPI,2026-08-23,Y,F,476,60.31,6.06,47.02,40.51,4.64,6.88
293104,CAPROCK,2026-08-23,Y,F,493,70.48,6.24,61.08,46.26,3.84,5.51
292008,SLAUGHTER,2026-08-23,Y,F,16,30.4,3.43,33.83,26.83,6.82,10.15
21504,BELMONT,2026-08-23,Y,F,693,61.24,3.36,66.65,36.23,3.67,4.22
20121,CIBOLA,2026-08-23,Y,F,749,78.9,5.6,65.66,45.58,3.49,4.12
20610,RED LAKE,2026-08-23,Y,F,100,29.89,2.16,32.68,20.99,6.13,8.24
55523735,RED CANYON,2026-08-23,Y,F,381,47.69,3.81,48.68,33.18,4.95,6.71
21206,SASABE,2026-08-23,Y,F,628,43.6,2.87,42.64,27.47,5.12,8.35
292001,BEAVERHEAD,2026-08-23,Y,F,183,38.82,2.75,34.16,24.33,5.12,8.01
55523738,T BAR,2026-08-23,Y,F,29,35.24,2.74,30.97,23.2,5.78,9.07
292004,LUNA,2026-08-23,Y,F,264,39.74,3.23,32.45,25.58,5.43,8.19
20608,SAN CARLOS #1,2026-08-23,Y,F,611,65.89,3.25,63.31,34.87,3.1,4.43
21205,EMPIRE,2026-08-23,Y,F,285,46.87,2.99,45.14,28.63,4.73,6.32
293304,LAGUNA,2026-08-23,Y,F,546,58.5,4.35,55.09,37.24,4.17,6.43
20402,PINEY HILL,2026-08-23,Y,F,188,31.01,2.78,42.79,27.04,6.57,10.53
20284,GREENBASE,2026-08-23,Y,F,228,32.65,2.83,33.76,24.28,6.4,8.34
55523737,SOWATS,2026-08-23,Y,F,160,43.18,3.6,45.47,31.17,5.44,7.21
20401,ALPINE,2026-08-23,Y,F,88,24.73,2.05,34.34,21.24,6.96,10.11
55522344,PINEDALE,2026-08-23,Y,F,262,33.2,2.63,41.55,26.05,6.17,8.81
55523718,CEDAR RIDGE,2026-08-23,Y,F,330,38.9,3.24,54.81,32.61,5.9,6.34
21105,TRAIL CABIN,2026-08-23,Y,F,419,53.19,3.44,50.77,32.28,4.23,6.15
290210,TRUCHAS,2026-08-23,Y,F,251,44.77,3.68,41.33,30.27,5.3,7.58
20209,FLAGSTAFF,2026-08-23,Y,F,288,32.92,2.83,38.12,25.81,6.27,9.2
20226,PARIA POINT,2026-08-23,Y,F,401,36.23,2.74,50.41,29.0,5.71,7.29
290702,JEMEZ,2026-08-23,Y,F,316,52.55,4.74,42.68,34.55,5.14,7.17
20503,VERDE,2026-08-23,Y,F,556,48.33,2.8,49.54,29.09,4.3,6.45
290307,WILD RIVERS,2026-08-23,Y,F,520,38.92,3.21,42.16,28.77,5.88,8.66
20211,BRIGHT ANGEL,2026-08-23,Z,F,270,43.91,18.25,90.01,88.43,5.88,7.84
20221,PROMONTORY,2026-08-23,Z,F,129,21.13,7.21,82.12,56.63,7.66,8.5
20227,FOUR SPRINGS,2026-08-23,Z,F,288,42.1,12.91,99.1,80.75,5.45,7.1
20303,LAKESIDE,2026-08-23,Z,F,22,25.86,8.62,70.43,56.79,7.1,10.1
21209,SELLS,2026-08-23,Z,F,192,47.5,10.62,104.62,75.62,4.63,6.5
21414,RUCKER,2026-08-23,Z,F,60,35.2,7.43,97.11,60.54,4.74,6.08
20404,GREER,2026-08-23,Z,F,59,20.05,7.1,65.5,50.76,7.82,11.75
21106,STRAY HORSE,2026-08-23,Z,F,115,31.78,11.17,94.62,71.1,5.63,7.07
21005,COLUMBINE,2026-08-23,Z,F,42,19.35,5.58,75.37,44.6,6.76,8.02
21502,OATMAN,2026-08-23,Z,F,638,60.98,13.29,127.28,91.96,3.9,4.53
21302,HOPKINS,2026-08-23,Z,F,485,28.68,8.96,92.48,66.2,6.69,7.76
20507,GOODWIN MESA,2026-08-23,Z,F,454,68.15,18.75,110.75,100.78,4.02,5.01
21010,NOON CREEK,2026-08-23,Z,F,464,57.78,13.07,117.72,86.25,3.52,4.96
20510,SUNSET POINT,2026-08-23,Z,F,621,57.97,13.1,117.24,87.77,3.99,5.21
21411,CARR,2026-08-23,Z,F,91,30.88,7.82,98.73,61.58,5.39,6.66
21409,HEADQUARTERS,2026-08-23,Z,F,470,46.48,9.54,106.63,72.71,4.23,5.61
21202,SAGUARO,2026-08-23,Z,F,433,51.35,9.87,113.16,75.96,3.89,5.17
21007,MULESHOE RANCH,2026-08-23,Z,F,374,47.56,9.63,108.2,73.6,4.07,5.44
21104,GUTHRIE,2026-08-23,Z,F,406,56.64,20.66,112.04,98.25,4.31,5.65
21208,SCOUT CAMP,2026-08-23,Z,F,95,21.1,9.22,79.85,62.41,8.02,11.79
55522385,TAOS PUEBLO RAWS,2026-08-23,Z,F,456,52.17,27.99,90.3,110.58,5.43,8.48
20903,HORSE CAMP CANYON,2026-08-23,Z,F,577,61.38,14.88,112.03,91.07,3.95,6.02
292302,DUNKEN,2026-08-23,Z,F,488,69.24,23.39,116.96,114.3,3.87,5.25
20601,GLOBE,2026-08-23,Z,F,517,49.79,11.05,116.57,81.11,4.2,5.09
20223,GUNSIGHT,2026-08-23,Z,F,525,58.45,16.12,107.69,92.5,4.35,5.8
20307,NAVAJO MONUMENT,2026-08-23,Z,F,202,45.64,14.66,94.13,83.47,5.35,7.5
292005,RESERVE,2026-08-23,Z,F,458,52.3,15.38,85.91,82.07,4.57,7.26
20906,CASA GRANDE,2026-08-23,Z,F,687,68.29,15.52,116.9,94.79,3.63,4.61
293202,PADUCA,2026-08-23,Z,F,605,67.28,24.88,115.32,117.16,4.18,5.57
20609,HILLTOP,2026-08-23,Z,F,86,34.1,7.28,88.36,57.31,4.96,7.01
20213,FRAZIER WELLS,2026-08-23,Z,F,98,46.32,18.94,97.39,93.94,5.77,6.97
20309,LIMESTONE CANYON,2026-08-23,Z,F,189,33.05,9.43,91.09,67.32,5.71,7.61
55522318,MOHAWK DUNES,2026-08-23,Z,F,748,60.66,14.59,124.25,94.76,4.24,4.55
292901,MCGREGGOR RANGE,2026-08-23,Z,F,598,68.24,17.26,119.41,100.2,3.69,5.13
20217,YELLOW JOHN MOUNTAIN,2026-08-23,Z,F,289,37.24,8.59,93.9,63.52,4.77,6.52
290203,DEADMAN PEAK,2026-08-23,Z,F,492,59.2,28.08,99.0,115.54,4.55,7.41
292203,SMOKEY BEAR,2026-08-23,Z,F,103,46.94,14.67,82.22,78.13,5.32,7.31
21303,CANELO,2026-08-23,Z,F,127,38.91,10.9,90.3,71.68,5.4,7.12
290705,CUBA,2026-08-23,Z,F,474,62.86,22.1,99.61,103.78,4.31,6.39
55522271,FTHL YDMA,2026-08-23,Z,F,745,64.1,21.35,112.87,108.2,4.76,4.7
291302,GRANTS,2026-08-23,Z,F,122,33.43,10.77,79.13,66.76,5.92,8.81
292903,DRIPPING SPRINGS,2026-08-23,Z,F,449,50.69,11.26,120.68,83.05,4.14,4.8
293101,BATDRAW,2026-08-23,Z,F,565,72.18,26.3,124.46,124.51,3.67,4.9
290305,BLACK MESA,2026-08-23,Z,F,612,51.47,13.86,100.38,84.04,4.67,7.22
292702,HACHITA VALLEY,2026-08-23,Z,F,591,68.85,15.87,121.79,97.69,3.43,4.55
20310,MOUNTAIN LION,2026-08-23,Z,F,74,22.37,5.3,79.04,46.29,6.22,8.01
20215,MORMON LAKE,2026-08-23,Z,F,287,29.5,9.05,79.04,61.64,6.46,9.07
290801,TOWER,2026-08-23,Z,F,532,60.38,17.89,103.77,95.96,4.46,6.44
20611,SHADOW RIM,2026-08-23,Z,F,449,43.23,11.57,88.84,72.67,5.2,7.04
20219,OAK CREEK,2026-08-23,Z,F,579,42.01,9.14,103.82,70.3,4.66,6.13
290205,DULCE #2,2026-08-23,Z,F,409,56.39,26.73,85.49,105.57,5.01,8.63
20224,BUCKSKIN MTN,2026-08-23,Z,F,420,50.68,15.29,101.7,88.13,4.92,6.47
290101,WASHINGTON PASS,2026-08-23,Z,F,252,24.81,8.44,78.49,56.74,6.87,10.97
55522251,DEVILS HILLS,2026-08-23,Z,F,735,50.75,12.63,123.29,86.29,4.7,4.53
20509,STANTON,2026-08-23,Z,F,547,55.21,14.06,120.52,91.73,4.2,5.08
20116,UNION PASS,2026-08-23,Z,F,583,69.52,17.42,127.84,103.95,3.7,4.25
21009,DRY LAKE,2026-08-23,Z,F,388,44.95,10.62,99.69,73.59,4.62,6.48
55522232,CAVE CREEK,2026-08-23,Z,F,543,34.83,7.9,102.81,62.82,5.08,8.7
290901,SANTA FE WATERSHED,2026-08-23,Z,F,371,52.88,19.59,91.83,91.72,4.98,6.92
21207,RINCON,2026-08-23,Z,F,20,27.34,10.36,83.95,66.63,6.78,7.98
55522326,NEVERSHINE,2026-08-23,Z,F,681,81.43,25.49,135.11,127.53,3.1,3.97
293301,MALPAIS LAVA FLOW,2026-08-23,Z,F,169,48.75,17.83,76.05,83.06,5.38,9.48
20602,PAYSON,2026-08-23,Z,F,386,39.54,10.0,98.06,71.42,5.3,6.83
291402,OAK FLATS,2026-08-23,Z,F,454,56.39,17.44,97.1,91.94,4.69,6.69
291301,BRUSHY MOUNTAIN,2026-08-23,Z,F,209,37.11,11.08,84.68,69.95,5.58,8.1
21008,BLACK HILLS,2026-08-23,Z,F,292,60.38,10.78,127.42,83.42,3.15,4.33
292504,BURRO MOUNTAIN,2026-08-23,Z,F,292,56.09,18.37,105.34,91.3,4.52,6.0
293305,RAMAH,2026-08-23,Z,F,303,51.47,21.81,77.39,91.87,5.31,9.66
55522210,BAKERS TANK,2026-08-23,Z,F,739,56.89,14.17,125.34,93.85,4.54,4.55
20502,CROWN KING,2026-08-23,Z,F,384,37.97,10.17,97.82,71.22,5.41,6.37
20511,CHERRY,2026-08-23,Z,F,203,36.82,8.61,96.02,66.01,5.29,6.56
290401,CIMARRON,2026-08-23,Z,F,222,36.97,14.87,76.76,76.73,6.25,9.18
21505,GOLDFIELD,2026-08-23,Z,F,683,59.57,10.51,114.42,78.25,3.3,5.42
55522238,CIPRIANO,2026-08-23,Z,F,712,57.01,18.29,119.53,99.98,5.08,4.52
20291,HAPPY JACK,2026-08-23,Z,F,386,28.85,8.96,77.75,60.94,6.62,8.9
20119,MUSIC MOUNTAIN,2026-08-23,Z,F,550,64.94,21.77,113.78,107.7,4.25,5.31
291408,SANDIA LAB,2026-08-23,Z,F,265,47.89,12.19,104.35,80.36,4.66,6.41
290603,ZUNI BUTTES,2026-08-23,Z,F,222,58.78,24.57,90.11,104.07,4.79,7.34
20603,PLEASANT VALLEY,2026-08-23,Z,F,303,44.49,10.49,93.33,70.96,4.75,6.66
55522198,10K,2026-08-23,Z,F,206,41.07,15.57,87.21,83.0,5.99,7.62
20102,FORT YUMA,2026-08-23,Z,F,745,66.42,18.13,118.26,102.31,4.38,4.75
21501,SMITH PEAK,2026-08-23,Z,F,657,61.75,12.12,129.53,88.75,3.45,4.29
21503,AHAKHAV PRESERVE,2026-08-23,Z,F,746,77.33,19.75,121.59,107.67,3.57,4.38
292104,MAGDALENA,2026-08-23,Z,F,56,35.53,9.74,88.01,67.11,5.55,7.74
293303,BLUEWATER RIDGE,2026-08-23,Z,F,213,32.59,10.5,81.22,66.73,6.3,9.82
290204,JARITA MESA,2026-08-23,Z,F,199,44.91,15.97,85.71,83.41,5.62,8.8
292011,GILA CENTER RAWS,2026-08-23,Z,F,154,41.58,9.04,79.19,61.57,4.65,8.04
291002,BARTLEY,2026-08-23,Z,F,136,42.58,18.51,84.94,87.44,6.24,7.95
20508,HUMBUG CREEK,2026-08-23,Z,F,265,54.29,17.06,108.91,96.02,5.0,5.62
290201,STONE LAKE,2026-08-23,Z,F,487,59.87,28.05,94.15,112.72,4.6,7.71
292904,SAN ANDRES,2026-08-23,Z,F,492,42.81,8.19,117.45,70.95,4.17,5.11
290102,ALBINO CANYON,2026-08-23,Z,F,484,59.14,25.07,101.16,109.4,4.71,7.8
20612,PINE,2026-08-23,Z,F,463,42.43,11.49,97.09,75.76,5.3,6.66
20216,WARM SPRINGS CANYON,2026-08-23,Z,F,348,41.53,15.55,85.2,81.93,5.99,7.86
290706,SANDIA LAKES,2026-08-23,Z,F,678,61.44,16.34,108.2,93.0,4.12,5.85
55522341,PICACHO PEAK,2026-08-23,Z,F,724,58.34,13.1,119.55,88.56,4.0,5.0
20120,TRUXTON CANYON,2026-08-23,Z,F,273,58.32,16.19,115.21,96.09,4.38,5.21
20109,TWEEDS POINT,2026-08-23,Z,F,556,65.76,27.34,121.34,125.26,4.15,4.88
293002,MAYHILL,2026-08-23,Z,F,465,39.34,8.85,95.35,65.27,4.67,6.52
292009,PELONA MOUNTAIN,2026-08-23,Z,F,239,36.34,12.14,87.66,74.3,5.6,7.99
20207,TUSAYAN,2026-08-23,Z,F,352,38.46,11.09,81.22,68.0,5.62,8.11
292301,EIGHT MILE DRAW,2026-08-23,Z,F,606,77.42,27.21,118.5,123.37,3.32,5.1
20107,MOUNT LOGAN,2026-08-23,Z,F,157,38.47,12.5,100.29,79.37,5.75,6.64
20108,OLAF KNOLLS,2026-08-23,Z,F,632,80.41,20.8,133.28,115.33,3.13,4.02
291501,MOUNTAINAIR,2026-08-23,Z,F,472,61.16,16.53,101.01,91.28,4.11,6.05
55522384,TANKS,2026-08-23,Z,F,304,39.04,9.92,92.49,67.7,5.03,6.73
20212,DRY PARK,2026-08-23,Z,F,99,34.51,13.31,80.59,74.34,6.55,8.41
20220,LINDBERGH HILL,2026-08-23,Z,F,399,35.29,13.36,85.44,76.71,6.49,8.32
292105,SEVILLETA,2026-08-23,Z,F,558,72.15,19.43,107.7,101.12,3.66,5.56
20117,HURRICANE,2026-08-23,Z,F,412,64.15,18.37,109.84,99.69,4.2,5.58
55522315,MIDNIGHT,2026-08-23,Z,F,159,35.02,14.72,68.9,72.41,6.64,10.17
20118,HAVASU,2026-08-23,Z,F,657,82.38,16.91,129.07,103.08,2.88,4.03
20114,BLACK ROCK,2026-08-23,Z,F,198,34.47,8.49,105.77,67.56,5.11,6.01
292013,MOGOLLON,2026-08-23,Z,F,167,39.13,10.07,96.38,71.07,5.2,6.9
20501,IRON SPRINGS,2026-08-23,Z,F,384,43.24,12.91,94.92,79.15,5.48,6.64
293003,MESCAL,2026-08-23,Z,F,215,36.08,9.65,83.76,63.97,5.4,7.17
291901,MELROSE RANGE,2026-08-23,Z,F,654,75.43,29.39,114.01,125.76,3.42,5.37
292103,BOSQUE,2026-08-23,Z,F,670,62.24,14.9,110.28,88.98,3.59,5.56
20606,TONTO BASIN,2026-08-23,Z,F,603,60.2,11.96,120.63,85.32,3.56,4.64
20301,HEBER,2026-08-23,Z,F,224,27.67,7.77,74.1,56.0,6.45,10.83
291202,PECOS,2026-08-23,Z,F,75,56.84,26.2,94.92,107.56,4.84,6.79
292102,CHUPADERA,2026-08-23,Z,F,519,67.92,18.88,110.97,101.35,3.95,5.53
20113,NIXON FLATS,2026-08-23,Z,F,307,37.8,9.91,91.6,68.33,5.31,6.96
291101,MILLS CANYON,2026-08-23,Z,F,541,63.32,23.47,101.47,105.74,4.41,6.55
55522257,DUTCH KID,2026-08-23,Z,F,115,37.36,10.99,82.7,68.35,5.79,7.48
292012,DATIL,2026-08-23,Z,F,173,31.97,10.49,79.0,66.24,5.93,8.92
293105,QUEEN,2026-08-23,Z,F,367,59.73,14.91,114.83,92.2,3.97,5.49
290202,COYOTE,2026-08-23,Z,F,243,48.74,19.46,83.3,89.92,5.68,9.21
293004,COSMIC,2026-08-23,Z,F,69,24.73,8.39,85.82,57.59,6.48,7.43
20115,MOSS BASIN,2026-08-23,Z,F,399,53.08,15.51,100.61,88.31,4.79,5.74
20312,HOPI,2026-08-23,Z,F,476,60.31,27.73,96.32,113.46,4.64,6.88
293104,CAPROCK,2026-08-23,Z,F,493,70.48,28.1,117.12,124.71,3.84,5.51
292008,SLAUGHTER,2026-08-23,Z,F,16,31.12,14.16,72.31,72.99,6.82,10.15
21504,BELMONT,2026-08-23,Z,F,693,58.96,11.84,128.2,87.38,3.67,4.22
20121,CIBOLA,2026-08-23,Z,F,749,78.9,24.29,127.3,121.36,3.49,4.12
20610,RED LAKE,2026-08-23,Z,F,100,27.01,6.7,75.06,51.74,6.13,8.24
55523735,RED CANYON,2026-08-23,Z,F,381,48.93,15.22,97.81,86.54,4.95,6.71
21206,SASABE,2026-08-23,Z,F,628,41.99,10.11,88.29,68.53,5.12,8.35
292001,BEAVERHEAD,2026-08-23,Z,F,183,36.33,9.7,78.26,63.61,5.12,8.01
55523738,T BAR,2026-08-23,Z,F,29,33.94,10.13,71.13,62.02,5.78,9.07
292004,LUNA,2026-08-23,Z,F,264,39.24,12.47,75.63,70.28,5.43,8.19
20608,SAN CARLOS #1,2026-08-23,Z,F,611,61.64,10.81,124.49,82.74,3.1,4.43
21205,EMPIRE,2026-08-23,Z,F,285,45.14,10.53,96.15,72.39,4.73,6.32
293304,LAGUNA,2026-08-23,Z,F,546,60.02,18.83,106.83,97.82,4.17,6.43
20402,PINEY HILL,2026-08-23,Z,F,188,30.59,10.29,82.73,66.55,6.57,10.53
20284,GREENBASE,2026-08-23,Z,F,228,32.22,10.46,76.16,64.37,6.4,8.34
55523737,SOWATS,2026-08-23,Z,F,160,44.29,14.41,93.39,81.76,5.44,7.21
20401,ALPINE,2026-08-23,Z,F,88,22.34,6.37,72.83,50.5,6.96,10.11
55522344,PINEDALE,2026-08-23,Z,F,262,31.96,9.27,84.68,64.48,6.17,8.81
55523718,CEDAR RIDGE,2026-08-23,Z,F,330,39.18,12.5,105.88,82.13,5.9,6.34
21105,TRAIL CABIN,2026-08-23,Z,F,419,52.5,12.72,103.73,81.84,4.23,6.15
290210,TRUCHAS,2026-08-23,Z,F,251,45.94,14.71,87.79,80.92,5.3,7.58
20209,FLAGSTAFF,2026-08-23,Z,F,288,32.48,10.48,80.42,66.2,6.27,9.2
20226,PARIA POINT,2026-08-23,Z,F,401,34.88,9.65,97.62,70.14,5.71,7.29
290702,JEMEZ,2026-08-23,Z,F,316,54.0,20.54,90.37,95.83,5.14,7.17
20503,VERDE,2026-08-23,Z,F,556,45.21,9.32,101.46,70.37,4.3,6.45
290307,WILD RIVERS,2026-08-23,Z,F,520,39.21,12.38,84.78,73.83,5.88,8.66
