station_id,wrcc_id,station_name,latitude,longitude,elevation,station_type,observation_time,observation_time_lst,display_hour,display_hour_lst,masked_observation_time,display_date,temperature,relative_humidity,hourly_precip,wind_speed,wind_direction,peak_gust_speed,peak_gust_dir,sol_rad,snow_flag,observation_type
290307,XWDR,WILD RIVERS,36.69469,-105.66872,7530,RAWS,8/23/2026 15:49 MDT,8/23/2026 15:49 MDT,8/23/2026 16:00 MDT,8/23/2026 16:00 MDT,8/23/2026 15:49 MDT,8/22/2026,81,28,0.0,3,217,17,232,492,N,O
291301,XBRU,BRUSHY MOUNTAIN,34.72,-107.8484,8789,RAWS,8/23/2026 15:49 MDT,8/23/2026 15:49 MDT,8/23/2026 16:00 MDT,8/23/2026 16:00 MDT,8/23/2026 15:49 MDT,8/22/2026,63,71,0.06,5,61,12,287,126,N,O
20221,APRO,PROMONTORY,34.36528,-111.01444,7842,RAWS,8/23/2026 15:49 MDT,8/23/2026 15:49 MDT,8/23/2026 16:00 MDT,8/23/2026 16:00 MDT,8/23/2026 15:49 MDT,8/22/2026,82,26,0.0,5,198,11,200,861,N,O
20121,ACBL,CIBOLA,33.28,-114.68489,252,RAWS,8/23/2026 15:48 MDT,8/23/2026 15:48 MDT,8/23/2026 16:00 MDT,8/23/2026 16:00 MDT,8/23/2026 15:48 MDT,8/22/2026,112,25,0.0,12,164,19,169,780,N,O
290202,XCOY,COYOTE,36.07333,-106.65739,8704,RAWS,8/23/2026 15:48 MDT,8/23/2026 15:48 MDT,8/23/2026 16:00 MDT,8/23/2026 16:00 MDT,8/23/2026 15:48 MDT,8/22/2026,75,41,0.0,1,127,8,143,326,N,O
20508,AHUM,HUMBUG CREEK,34.11,-112.3,5250,RAWS,8/23/2026 15:48 MDT,8/23/2026 15:48 MDT,8/23/2026 16:00 MDT,8/23/2026 16:00 MDT,8/23/2026 15:48 MDT,8/22/2026,90,25,0.0,7,304,29,204,383,N,O
20216,AWAR,WARM SPRINGS CANYON,36.70117,-112.22689,7953,RAWS,8/23/2026 15:47 MDT,8/23/2026 15:47 MDT,8/23/2026 16:00 MDT,8/23/2026 16:00 MDT,8/23/2026 15:47 MDT,8/22/2026,79,24,0.0,3,204,11,206,515,N,O
290603,XZUB,ZUNI BUTTES,35.13919,-108.94131,6649,RAWS,8/23/2026 15:42 MDT,8/23/2026 15:42 MDT,8/23/2026 16:00 MDT,8/23/2026 16:00 MDT,8/23/2026 15:42 MDT,8/22/2026,85,26,0.0,5,237,10,212,528,N,O
290706,XSLK,SANDIA LAKES,35.22967,-106.59061,5027,RAWS,8/23/2026 15:42 MDT,8/23/2026 15:42 MDT,8/23/2026 16:00 MDT,8/23/2026 16:00 MDT,8/23/2026 15:42 MDT,8/22/2026,99,16,0.0,4,281,8,277,795,N,O
293003,XMES,MESCAL,33.15803,-105.76881,6227,RAWS,8/23/2026 15:41 MDT,8/23/2026 15:41 MDT,8/23/2026 16:00 MDT,8/23/2026 16:00 MDT,8/23/2026 15:41 MDT,8/22/2026,89,19,0.0,6,254,16,253,900,N,O
20402,APIN,PINEY HILL,35.76111,-109.16719,8061,RAWS,8/23/2026 15:41 MDT,8/23/2026 15:41 MDT,8/23/2026 16:00 MDT,8/23/2026 16:00 MDT,8/23/2026 15:41 MDT,8/22/2026,77,29,0.0,2,94,6,62,297,N,O
290101,XWAS,WASHINGTON PASS,36.0765,-108.8615,9384,RAWS,8/23/2026 15:41 MDT,8/23/2026 15:41 MDT,8/23/2026 16:00 MDT,8/23/2026 16:00 MDT,8/23/2026 15:41 MDT,8/22/2026,74,30,0.0,2,35,8,323,446,N,O
290705,XCUB,CUBA,35.942,-107.07739,6890,RAWS,8/23/2026 15:41 MDT,8/23/2026 15:41 MDT,8/23/2026 16:00 MDT,8/23/2026 16:00 MDT,8/23/2026 15:41 MDT,8/22/2026,85,22,0.0,7,276,17,326,450,N,O
292702,XHAC,HACHITA VALLEY,31.702,-108.34169,4290,RAWS,8/23/2026 15:40 MDT,8/23/2026 15:40 MDT,8/23/2026 16:00 MDT,8/23/2026 16:00 MDT,8/23/2026 15:40 MDT,8/22/2026,102,11,0.0,7,167,20,163,883,N,O
293104,XCAP,CAPROCK,32.92728,-103.85689,4167,RAWS,8/23/2026 15:40 MDT,8/23/2026 15:40 MDT,8/23/2026 16:00 MDT,8/23/2026 16:00 MDT,8/23/2026 15:40 MDT,8/22/2026,99,14,0.0,13,218,25,203,794,N,O
293202,XPAD,PADUCA,32.17983,-103.722,3534,RAWS,8/23/2026 15:39 MDT,8/23/2026 15:39 MDT,8/23/2026 16:00 MDT,8/23/2026 16:00 MDT,8/23/2026 15:39 MDT,8/22/2026,102,15,0.0,9,192,29,165,738,N,O
292102,XCHU,CHUPADERA,33.77294,-106.0985,5580,RAWS,8/23/2026 15:39 MDT,8/23/2026 15:39 MDT,8/23/2026 16:00 MDT,8/23/2026 16:00 MDT,8/23/2026 15:39 MDT,8/22/2026,96,14,0.0,6,239,18,215,777,N,O
55523738,XTBA,T BAR,33.51789,-108.52419,8047,RAWS,8/23/2026 15:39 MDT,8/23/2026 15:39 MDT,8/23/2026 16:00 MDT,8/23/2026 16:00 MDT,8/23/2026 15:39 MDT,8/22/2026,81,29,0.0,6,269,12,299,555,N,O
55523737,ASOW,SOWATS,36.48242,-112.42281,7038,RAWS,8/23/2026 15:39 MDT,8/23/2026 15:39 MDT,8/23/2026 16:00 MDT,8/23/2026 16:00 MDT,8/23/2026 15:39 MDT,8/22/2026,79,26,0.0,7,183,19,191,340,N,O
55522257,ADUT,DUTCH KID,35.12931,-112.28219,6505,RAWS,8/23/2026 15:38 MDT,8/23/2026 15:38 MDT,8/23/2026 16:00 MDT,8/23/2026 16:00 MDT,8/23/2026 15:38 MDT,8/22/2026,72,54,0.0,0,44,3,255,81,N,O
55522384,ATNK,TANKS,33.67314,-110.57431,5801,RAWS,8/23/2026 15:38 MDT,8/23/2026 15:38 MDT,8/23/2026 16:00 MDT,8/23/2026 16:00 MDT,8/23/2026 15:38 MDT,8/22/2026,93,19,0.0,3,173,14,29,655,N,O
55522271,AFTH,FTHL YDMA,32.48658,-114.4635,331,RAWS,8/23/2026 15:38 MDT,8/23/2026 15:38 MDT,8/23/2026 16:00 MDT,8/23/2026 16:00 MDT,8/23/2026 15:38 MDT,8/22/2026,110,24,0.0,12,158,22,187,801,N,O
55522344,APND,PINEDALE,34.30617,-110.23661,6461,RAWS,8/23/2026 15:38 MDT,8/23/2026 15:38 MDT,8/23/2026 16:00 MDT,8/23/2026 16:00 MDT,8/23/2026 15:38 MDT,8/22/2026,88,20,0.0,8,200,18,188,817,N,O
55523735,XRDC,RED CANYON,34.62289,-106.40831,8070,RAWS,8/23/2026 15:38 MDT,8/23/2026 15:38 MDT,8/23/2026 16:00 MDT,8/23/2026 16:00 MDT,8/23/2026 15:38 MDT,8/22/2026,84,23,0.0,4,265,14,222,803,N,O
292009,XPEL,PELONA MOUNTAIN,33.69375,-108.06161,7955,RAWS,8/23/2026 15:38 MDT,8/23/2026 15:38 MDT,8/23/2026 16:00 MDT,8/23/2026 16:00 MDT,8/23/2026 15:38 MDT,8/22/2026,79,25,0.02,10,160,21,154,482,N,O
20212,ADRY,DRY PARK,36.45308,-112.23819,8700,RAWS,8/23/2026 15:38 MDT,8/23/2026 15:38 MDT,8/23/2026 16:00 MDT,8/23/2026 16:00 MDT,8/23/2026 15:38 MDT,8/22/2026,69,37,0.0,2,192,8,209,276,N,O
55522198,X10K,10K,35.2085,-106.43586,10065,RAWS,8/23/2026 15:38 MDT,8/23/2026 15:38 MDT,8/23/2026 16:00 MDT,8/23/2026 16:00 MDT,8/23/2026 15:38 MDT,8/22/2026,72,33,0.0,5,284,16,321,790,N,O
55522315,XMID,MIDNIGHT,36.77819,-105.34131,10815,RAWS,8/23/2026 15:37 MDT,8/23/2026 15:37 MDT,8/23/2026 16:00 MDT,8/23/2026 16:00 MDT,8/23/2026 15:37 MDT,8/22/2026,63,49,0.0,2,239,7,243,238,N,O
292901,XMCG,MCGREGGOR RANGE,32.43133,-105.62181,4832,RAWS,8/23/2026 15:37 MDT,8/23/2026 15:37 MDT,8/23/2026 16:00 MDT,8/23/2026 16:00 MDT,8/23/2026 15:37 MDT,8/22/2026,99,11,0.0,12,145,19,147,845,N,O
21207,ARIN,RINCON,32.20639,-110.54861,8209,RAWS,8/23/2026 15:37 MDT,8/23/2026 15:37 MDT,8/23/2026 16:00 MDT,8/23/2026 16:00 MDT,8/23/2026 15:37 MDT,8/22/2026,68,58,0.02,2,270,6,289,149,N,O
292301,XEIG,EIGHT MILE DRAW,33.65064,-104.32139,3626,RAWS,8/23/2026 15:37 MDT,8/23/2026 15:37 MDT,8/23/2026 16:00 MDT,8/23/2026 16:00 MDT,8/23/2026 15:37 MDT,8/22/2026,104,11,0.0,12,210,23,202,807,N,O
55523718,ACED,CEDAR RIDGE,32.59872,-110.76231,4735,RAWS,8/23/2026 15:37 MDT,8/23/2026 15:37 MDT,8/23/2026 16:00 MDT,8/23/2026 16:00 MDT,8/23/2026 15:37 MDT,8/22/2026,92,26,0.0,9,242,19,237,487,N,O
21208,ASOL,SCOUT CAMP,32.39806,-110.725,7554,RAWS,8/23/2026 15:37 MDT,8/23/2026 15:37 MDT,8/23/2026 16:00 MDT,8/23/2026 16:00 MDT,8/23/2026 15:37 MDT,8/22/2026,84,33,0.0,3,255,11,182,916,N,O
21409,ACHR,HEADQUARTERS,32.00611,-109.35694,5400,RAWS,8/23/2026 15:37 MDT,8/23/2026 15:37 MDT,8/23/2026 16:00 MDT,8/23/2026 16:00 MDT,8/23/2026 15:37 MDT,8/22/2026,96,15,0.0,5,230,27,76,496,N,O
21010,ANOO,NOON CREEK,32.66778,-109.78806,4925,RAWS,8/23/2026 15:37 MDT,8/23/2026 15:37 MDT,8/23/2026 16:00 MDT,8/23/2026 16:00 MDT,8/23/2026 15:37 MDT,8/22/2026,100,12,0.0,5,45,15,54,904,N,O
20307,ANAV,NAVAJO MONUMENT,36.67667,-110.54389,7204,RAWS,8/23/2026 15:36 MDT,8/23/2026 15:36 MDT,8/23/2026 16:00 MDT,8/23/2026 16:00 MDT,8/23/2026 15:36 MDT,8/22/2026,82,25,0.0,2,349,11,329,430,N,O
292302,XDUN,DUNKEN,32.82467,-105.18261,5431,RAWS,8/23/2026 15:36 MDT,8/23/2026 15:36 MDT,8/23/2026 16:00 MDT,8/23/2026 16:00 MDT,8/23/2026 15:36 MDT,8/22/2026,98,12,0.0,12,164,23,155,798,N,O
20404,AGRE,GREER,34.05853,-109.44097,8240,RAWS,8/23/2026 15:35 MDT,8/23/2026 15:35 MDT,8/23/2026 16:00 MDT,8/23/2026 16:00 MDT,8/23/2026 15:35 MDT,8/22/2026,73,39,0.0,5,262,11,252,547,N,O
21105,ATRA,TRAIL CABIN,33.26478,-109.36789,6250,RAWS,8/23/2026 15:35 MDT,8/23/2026 15:35 MDT,8/23/2026 16:00 MDT,8/23/2026 16:00 MDT,8/23/2026 15:35 MDT,8/22/2026,90,15,0.0,3,112,12,346,517,N,O
293305,XRAM,RAMAH,34.81947,-108.29439,7645,RAWS,8/23/2026 15:34 MDT,8/23/2026 15:34 MDT,8/23/2026 16:00 MDT,8/23/2026 16:00 MDT,8/23/2026 15:34 MDT,8/22/2026,84,23,0.0,13,307,19,287,610,N,O
290305,XBLM,BLACK MESA,36.03708,-106.04964,5762,RAWS,8/23/2026 15:34 MDT,8/23/2026 15:34 MDT,8/23/2026 16:00 MDT,8/23/2026 16:00 MDT,8/23/2026 15:34 MDT,8/22/2026,86,31,0.0,3,181,10,250,272,N,O
20223,AGUN,GUNSIGHT,36.70464,-112.5835,5284,RAWS,8/23/2026 15:34 MDT,8/23/2026 15:34 MDT,8/23/2026 16:00 MDT,8/23/2026 16:00 MDT,8/23/2026 15:34 MDT,8/22/2026,89,20,0.0,10,212,26,213,452,N,O
20117,AHUR,HURRICANE,36.69908,-113.20731,5445,RAWS,8/23/2026 15:34 MDT,8/23/2026 15:34 MDT,8/23/2026 16:00 MDT,8/23/2026 16:00 MDT,8/23/2026 15:34 MDT,8/22/2026,83,26,0.0,16,204,47,207,319,N,O
20109,ATWE,TWEEDS POINT,36.58186,-113.732,5334,RAWS,8/23/2026 15:33 MDT,8/23/2026 15:33 MDT,8/23/2026 16:00 MDT,8/23/2026 16:00 MDT,8/23/2026 15:33 MDT,8/22/2026,94,14,0.0,15,239,35,229,862,N,O
20224,ABUC,BUCKSKIN MTN,36.91808,-112.19981,6334,RAWS,8/23/2026 15:33 MDT,8/23/2026 15:33 MDT,8/23/2026 16:00 MDT,8/23/2026 16:00 MDT,8/23/2026 15:33 MDT,8/22/2026,88,18,0.0,9,256,21,168,666,N,O
293304,XLAG,LAGUNA,35.05197,-107.42028,5805,RAWS,8/23/2026 15:33 MDT,8/23/2026 15:33 MDT,8/23/2026 16:00 MDT,8/23/2026 16:00 MDT,8/23/2026 15:33 MDT,8/22/2026,85,26,0.03,16,317,28,327,517,N,O
20108,AOLA,OLAF KNOLLS,36.50725,-113.81589,2974,RAWS,8/23/2026 15:33 MDT,8/23/2026 15:33 MDT,8/23/2026 16:00 MDT,8/23/2026 16:00 MDT,8/23/2026 15:33 MDT,8/22/2026,106,11,0.0,12,258,24,220,949,N,O
290201,XSTO,STONE LAKE,36.73161,-106.86581,7436,RAWS,8/23/2026 15:33 MDT,8/23/2026 15:33 MDT,8/23/2026 16:00 MDT,8/23/2026 16:00 MDT,8/23/2026 15:33 MDT,8/22/2026,88,23,0.0,5,318,17,273,885,N,O
20107,AMTL,MOUNT LOGAN,36.35306,-113.19917,7605,RAWS,8/23/2026 15:33 MDT,8/23/2026 15:33 MDT,8/23/2026 16:00 MDT,8/23/2026 16:00 MDT,8/23/2026 15:33 MDT,8/22/2026,80,25,0.0,9,183,27,174,877,N,O
20609,AHIL,HILLTOP,33.61119,-110.41461,5732,RAWS,8/23/2026 15:32 MDT,8/23/2026 15:32 MDT,8/23/2026 16:00 MDT,8/23/2026 16:00 MDT,8/23/2026 15:32 MDT,8/22/2026,94,18,0.0,4,166,12,195,838,N,O
290205,XDUL,DULCE #2,36.93519,-107.00011,6805,RAWS,8/23/2026 15:28 MDT,8/23/2026 15:28 MDT,8/23/2026 15:00 MDT,8/23/2026 15:00 MDT,8/23/2026 15:28 MDT,8/22/2026,87,27,0.0,9,279,22,322,907,N,O
20213,AFRA,FRAZIER WELLS,35.84551,-113.05501,6796,RAWS,8/23/2026 15:27 MDT,8/23/2026 15:27 MDT,8/23/2026 15:00 MDT,8/23/2026 15:00 MDT,8/23/2026 15:27 MDT,8/22/2026,80,30,0.0,7,199,22,189,642,N,O
20502,ACRO,CROWN KING,34.20336,-112.34561,6173,RAWS,8/23/2026 15:27 MDT,8/23/2026 15:27 MDT,8/23/2026 15:00 MDT,8/23/2026 15:00 MDT,8/23/2026 15:27 MDT,8/22/2026,81,30,0.0,7,309,20,273,300,N,O
21009,ADRL,DRY LAKE,33.35982,-109.83306,7405,RAWS,8/23/2026 15:27 MDT,8/23/2026 15:27 MDT,8/23/2026 15:00 MDT,8/23/2026 15:00 MDT,8/23/2026 15:27 MDT,8/22/2026,85,23,0.0,6,8,19,67,496,N,O
21503,AAHA,AHAKHAV PRESERVE,34.13222,-114.32917,363,RAWS,8/23/2026 15:26 MDT,8/23/2026 15:26 MDT,8/23/2026 15:00 MDT,8/23/2026 15:00 MDT,8/23/2026 15:26 MDT,8/22/2026,112,16,0.0,10,200,16,200,793,N,O
292903,XDRI,DRIPPING SPRINGS,32.32225,-106.58661,5814,RAWS,8/23/2026 15:26 MDT,8/23/2026 15:26 MDT,8/23/2026 15:00 MDT,8/23/2026 15:00 MDT,8/23/2026 15:26 MDT,8/22/2026,93,14,0.0,9,111,21,61,870,N,O
290102,XALB,ALBINO CANYON,36.97661,-107.62892,7173,RAWS,8/23/2026 15:26 MDT,8/23/2026 15:26 MDT,8/23/2026 15:00 MDT,8/23/2026 15:00 MDT,8/23/2026 15:26 MDT,8/22/2026,82,27,0.0,7,325,16,244,330,N,O
293301,XMAL,MALPAIS LAVA FLOW,34.85181,-108.17461,7514,RAWS,8/23/2026 15:25 MDT,8/23/2026 15:25 MDT,8/23/2026 15:00 MDT,8/23/2026 15:00 MDT,8/23/2026 15:25 MDT,8/22/2026,84,26,0.0,7,336,17,310,703,N,O
20309,ALIM,LIMESTONE CANYON,34.17786,-110.27663,7102,RAWS,8/23/2026 15:24 MDT,8/23/2026 15:24 MDT,8/23/2026 15:00 MDT,8/23/2026 15:00 MDT,8/23/2026 15:24 MDT,8/22/2026,88,19,0.0,7,197,17,200,922,N,O
55522251,ADVH,DEVILS HILLS,32.42483,-113.79011,836,RAWS,8/23/2026 15:23 MDT,8/23/2026 15:23 MDT,8/23/2026 15:00 MDT,8/23/2026 15:00 MDT,8/23/2026 15:23 MDT,8/22/2026,108,24,0.0,9,176,20,172,819,N,O
21505,AGOL,GOLDFIELD,33.55531,-111.6145,1367,RAWS,8/23/2026 15:23 MDT,8/23/2026 15:23 MDT,8/23/2026 15:00 MDT,8/23/2026 15:00 MDT,8/23/2026 15:23 MDT,8/22/2026,112,14,0.0,7,191,18,181,878,N,O
55522318,AMOD,MOHAWK DUNES,32.68878,-113.74889,524,RAWS,8/23/2026 15:23 MDT,8/23/2026 15:23 MDT,8/23/2026 15:00 MDT,8/23/2026 15:00 MDT,8/23/2026 15:23 MDT,8/22/2026,109,27,0.0,9,238,18,219,829,N,O
20115,AMOS,MOSS BASIN,35.03397,-113.89406,5920,RAWS,8/23/2026 15:23 MDT,8/23/2026 15:23 MDT,8/23/2026 15:00 MDT,8/23/2026 15:00 MDT,8/23/2026 15:23 MDT,8/22/2026,89,21,0.0,9,197,18,243,655,N,O
20906,ACSG,CASA GRANDE,32.99177,-111.53264,1412,RAWS,8/23/2026 15:22 MDT,8/23/2026 15:22 MDT,8/23/2026 15:00 MDT,8/23/2026 15:00 MDT,8/23/2026 15:22 MDT,8/22/2026,110,17,0.0,8,214,13,211,731,N,O
20612,APNE,PINE,34.37181,-111.4555,5313,RAWS,8/23/2026 15:22 MDT,8/23/2026 15:22 MDT,8/23/2026 15:00 MDT,8/23/2026 15:00 MDT,8/23/2026 15:22 MDT,8/22/2026,92,21,0.0,5,194,13,218,701,N,O
20507,AGOO,GOODWIN MESA,34.77614,-113.3375,4311,RAWS,8/23/2026 15:20 MDT,8/23/2026 15:20 MDT,8/23/2026 15:00 MDT,8/23/2026 15:00 MDT,8/23/2026 15:20 MDT,8/22/2026,89,25,0.0,8,200,17,175,386,N,O
55522232,ACAV,CAVE CREEK,34.0899,-111.8465,3477,RAWS,8/23/2026 15:20 MDT,8/23/2026 15:20 MDT,8/23/2026 15:00 MDT,8/23/2026 15:00 MDT,8/23/2026 15:20 MDT,8/22/2026,103,14,0.0,8,212,19,197,815,N,O
20227,AFOU,FOUR SPRINGS,36.79367,-112.04239,6560,RAWS,8/23/2026 15:19 MDT,8/23/2026 15:19 MDT,8/23/2026 15:00 MDT,8/23/2026 15:00 MDT,8/23/2026 15:19 MDT,8/22/2026,81,43,0.01,3,197,12,89,536,N,O
21302,AHPK,HOPKINS,31.67528,-110.88,7120,RAWS,8/23/2026 15:19 MDT,8/23/2026 15:19 MDT,8/23/2026 15:00 MDT,8/23/2026 15:00 MDT,8/23/2026 15:19 MDT,8/22/2026,92,35,0.0,6,273,12,259,1033,N,O
21411,ACAA,CARR,31.44111,-110.28611,5400,RAWS,8/23/2026 15:19 MDT,8/23/2026 15:19 MDT,8/23/2026 15:00 MDT,8/23/2026 15:00 MDT,8/23/2026 15:19 MDT,8/22/2026,96,21,0.0,2,30,8,222,962,N,O
21106,ASTH,STRAY HORSE,33.55253,-109.31719,7956,RAWS,8/23/2026 15:19 MDT,8/23/2026 15:19 MDT,8/23/2026 15:00 MDT,8/23/2026 15:00 MDT,8/23/2026 15:19 MDT,8/22/2026,83,18,0.0,4,197,13,240,794,N,O
55522341,APIC,PICACHO PEAK,32.66314,-111.42154,1750,RAWS,8/23/2026 15:17 MDT,8/23/2026 15:17 MDT,8/23/2026 15:00 MDT,8/23/2026 15:00 MDT,8/23/2026 15:17 MDT,8/22/2026,107,17,0.0,8,297,21,286,871,N,O
20401,AALP,ALPINE,33.84272,-109.11161,8207,RAWS,8/23/2026 15:16 MDT,8/23/2026 15:16 MDT,8/23/2026 15:00 MDT,8/23/2026 15:00 MDT,8/23/2026 15:16 MDT,8/22/2026,77,31,0.0,5,358,16,67,555,N,O
20284,AGRB,GREENBASE,35.27619,-112.06325,6923,RAWS,8/23/2026 15:16 MDT,8/23/2026 15:16 MDT,8/23/2026 15:00 MDT,8/23/2026 15:00 MDT,8/23/2026 15:16 MDT,8/22/2026,72,49,0.01,3,326,11,0,100,N,O
291302,XGRA,GRANTS,35.24278,-107.66528,8620,RAWS,8/23/2026 15:16 MDT,8/23/2026 15:16 MDT,8/23/2026 15:00 MDT,8/23/2026 15:00 MDT,8/23/2026 15:16 MDT,8/22/2026,80,26,0.0,3,311,11,178,804,N,O
20102,AFYM,FORT YUMA,32.65222,-114.63417,185,RAWS,8/23/2026 15:16 MDT,8/23/2026 15:16 MDT,8/23/2026 15:00 MDT,8/23/2026 15:00 MDT,8/23/2026 15:16 MDT,8/22/2026,108,29,0.0,14,164,21,168,833,N,O
290204,XJAR,JARITA MESA,36.55597,-106.10306,8864,RAWS,8/23/2026 15:16 MDT,8/23/2026 15:16 MDT,8/23/2026 15:00 MDT,8/23/2026 15:00 MDT,8/23/2026 15:16 MDT,8/22/2026,80,26,0.0,1,178,9,261,624,N,O
293004,XCOS,COSMIC,32.77925,-105.81989,9172,RAWS,8/23/2026 15:15 MDT,8/23/2026 15:15 MDT,8/23/2026 15:00 MDT,8/23/2026 15:00 MDT,8/23/2026 15:15 MDT,8/22/2026,79,25,0.0,4,207,15,225,648,N,O
20310,AFAP,MOUNTAIN LION,33.69511,-109.71078,7269,RAWS,8/23/2026 15:14 MDT,8/23/2026 15:14 MDT,8/23/2026 15:00 MDT,8/23/2026 15:00 MDT,8/23/2026 15:14 MDT,8/22/2026,82,27,0.0,4,213,9,222,694,N,O
20608,ASCA,SAN CARLOS #1,33.37165,-110.45683,2830,RAWS,8/23/2026 15:14 MDT,8/23/2026 15:14 MDT,8/23/2026 15:00 MDT,8/23/2026 15:00 MDT,8/23/2026 15:14 MDT,8/22/2026,107,12,0.0,7,213,14,193,852,N,O
21209,ASES,SELLS,31.91014,-111.89743,2262,RAWS,8/23/2026 15:14 MDT,8/23/2026 15:14 MDT,8/23/2026 15:00 MDT,8/23/2026 15:00 MDT,8/23/2026 15:14 MDT,8/22/2026,102,23,0.0,8,240,13,261,745,N,O
291901,XMEL,MELROSE RANGE,34.28422,-103.71497,4263,RAWS,8/23/2026 15:14 MDT,8/23/2026 15:14 MDT,8/23/2026 15:00 MDT,8/23/2026 15:00 MDT,8/23/2026 15:14 MDT,8/22/2026,101,12,0.0,13,174,27,221,861,N,O
20120,ATRU,TRUXTON CANYON,35.78013,-113.79563,5304,RAWS,8/23/2026 15:14 MDT,8/23/2026 15:14 MDT,8/23/2026 15:00 MDT,8/23/2026 15:00 MDT,8/23/2026 15:14 MDT,8/22/2026,90,20,0.0,8,187,25,171,936,N,O
291202,XPEC,PECOS,35.54558,-105.49439,8229,RAWS,8/23/2026 15:14 MDT,8/23/2026 15:14 MDT,8/23/2026 15:00 MDT,8/23/2026 15:00 MDT,8/23/2026 15:14 MDT,8/22/2026,83,26,0.0,6,236,23,248,904,N,O
20312,AHPI,HOPI,35.86292,-110.61495,5579,RAWS,8/23/2026 15:13 MDT,8/23/2026 15:13 MDT,8/23/2026 15:00 MDT,8/23/2026 15:00 MDT,8/23/2026 15:13 MDT,8/22/2026,87,24,0.0,19,243,31,242,359,N,O
55522385,XTAP,TAOS PUEBLO RAWS,36.41461,-105.55689,7135,RAWS,8/23/2026 15:13 MDT,8/23/2026 15:13 MDT,8/23/2026 15:00 MDT,8/23/2026 15:00 MDT,8/23/2026 15:13 MDT,8/22/2026,82,29,0.0,5,333,19,341,642,N,O
292013,XMOG,MOGOLLON,33.39064,-108.80819,7602,RAWS,8/23/2026 15:13 MDT,8/23/2026 15:13 MDT,8/23/2026 15:00 MDT,8/23/2026 15:00 MDT,8/23/2026 15:13 MDT,8/22/2026,87,18,0.0,8,285,22,284,510,N,O
293105,XQUN,QUEEN,32.20361,-104.69031,5642,RAWS,8/23/2026 15:13 MDT,8/23/2026 15:13 MDT,8/23/2026 15:00 MDT,8/23/2026 15:00 MDT,8/23/2026 15:13 MDT,8/22/2026,93,14,0.0,9,134,22,148,880,N,O
292011,XGIL,GILA CENTER RAWS,33.22375,-108.24031,5767,RAWS,8/23/2026 15:13 MDT,8/23/2026 15:13 MDT,8/23/2026 15:00 MDT,8/23/2026 15:00 MDT,8/23/2026 15:13 MDT,8/22/2026,93,17,0.0,1,110,9,96,582,N,O
292008,XSLA,SLAUGHTER,34.06056,-108.44472,8680,RAWS,8/23/2026 15:12 MDT,8/23/2026 15:12 MDT,8/23/2026 15:00 MDT,8/23/2026 15:00 MDT,8/23/2026 15:12 MDT,8/22/2026,75,30,0.0,1,354,10,239,362,N,O
20511,ACHE,CHERRY,34.59661,-112.04761,5147,RAWS,8/23/2026 15:11 MDT,8/23/2026 15:11 MDT,8/23/2026 15:00 MDT,8/23/2026 15:00 MDT,8/23/2026 15:11 MDT,8/22/2026,72,57,0.02,13,330,24,312,113,N,O
292105,XSEV,SEVILLETA,34.35844,-106.6895,5246,RAWS,8/23/2026 15:11 MDT,8/23/2026 15:11 MDT,8/23/2026 15:00 MDT,8/23/2026 15:00 MDT,8/23/2026 15:11 MDT,8/22/2026,96,16,0.0,5,295,14,326,870,N,O
20606,ATON,TONTO BASIN,33.86861,-111.31333,2414,RAWS,8/23/2026 15:11 MDT,8/23/2026 15:11 MDT,8/23/2026 15:00 MDT,8/23/2026 15:00 MDT,8/23/2026 15:11 MDT,8/22/2026,100,23,0.0,5,133,10,151,817,N,O
290210,XTRU,TRUCHAS,36.059,-105.7695,8353,RAWS,8/23/2026 15:11 MDT,8/23/2026 15:11 MDT,8/23/2026 15:00 MDT,8/23/2026 15:00 MDT,8/23/2026 15:11 MDT,8/22/2026,80,28,0.0,6,268,18,317,824,N,O
292012,XDAT,DATIL,34.29256,-107.768,8431,RAWS,8/23/2026 15:11 MDT,8/23/2026 15:11 MDT,8/23/2026 15:00 MDT,8/23/2026 15:00 MDT,8/23/2026 15:11 MDT,8/22/2026,76,31,0.0,5,331,21,315,503,N,O
20602,APAY,PAYSON,34.24614,-111.2935,5064,RAWS,8/23/2026 15:11 MDT,8/23/2026 15:11 MDT,8/23/2026 15:00 MDT,8/23/2026 15:00 MDT,8/23/2026 15:11 MDT,8/22/2026,95,20,0.0,6,159,10,196,871,N,O
290401,XCIM,CIMARRON,36.60611,-105.12028,8806,RAWS,8/23/2026 15:09 MDT,8/23/2026 15:09 MDT,8/23/2026 15:00 MDT,8/23/2026 15:00 MDT,8/23/2026 15:09 MDT,8/22/2026,74,40,0.02,3,220,12,225,273,N,O
20611,ASHA,SHADOW RIM,34.40586,-111.28319,5660,RAWS,8/23/2026 15:09 MDT,8/23/2026 15:09 MDT,8/23/2026 15:00 MDT,8/23/2026 15:00 MDT,8/23/2026 15:09 MDT,8/22/2026,92,19,0.0,3,183,8,144,673,N,O
21303,ACNL,CANELO,31.54972,-110.51917,4629,RAWS,8/23/2026 15:08 MDT,8/23/2026 15:08 MDT,8/23/2026 15:00 MDT,8/23/2026 15:00 MDT,8/23/2026 15:08 MDT,8/22/2026,93,31,0.0,6,242,14,279,704,N,O
290702,XJEM,JEMEZ,35.84114,-106.61969,8248,RAWS,8/23/2026 15:08 MDT,8/23/2026 15:08 MDT,8/23/2026 15:00 MDT,8/23/2026 15:00 MDT,8/23/2026 15:08 MDT,8/22/2026,77,28,0.0,2,276,9,342,190,N,O
290801,XTOW,TOWER,35.77899,-106.26611,6529,RAWS,8/23/2026 15:08 MDT,8/23/2026 15:08 MDT,8/23/2026 15:00 MDT,8/23/2026 15:00 MDT,8/23/2026 15:08 MDT,8/22/2026,84,36,0.0,5,43,18,333,297,N,O
20207,ATUS,TUSAYAN,35.98833,-112.12056,6570,RAWS,8/23/2026 15:08 MDT,8/23/2026 15:08 MDT,8/23/2026 15:00 MDT,8/23/2026 15:00 MDT,8/23/2026 15:08 MDT,8/22/2026,79,32,0.0,4,143,11,134,306,N,O
292001,XBEA,BEAVERHEAD,33.42353,-108.11019,6750,RAWS,8/23/2026 15:08 MDT,8/23/2026 15:08 MDT,8/23/2026 15:00 MDT,8/23/2026 15:00 MDT,8/23/2026 15:08 MDT,8/22/2026,87,19,0.0,0,2,8,158,581,N,O
20220,ALBE,LINDBERGH HILL,36.28556,-112.07861,8800,RAWS,8/23/2026 15:08 MDT,8/23/2026 15:08 MDT,8/23/2026 15:00 MDT,8/23/2026 15:00 MDT,8/23/2026 15:08 MDT,8/22/2026,76,29,0.0,3,253,16,237,706,N,O
292005,XRES,RESERVE,33.71489,-108.777,5846,RAWS,8/23/2026 15:08 MDT,8/23/2026 15:08 MDT,8/23/2026 15:00 MDT,8/23/2026 15:00 MDT,8/23/2026 15:08 MDT,8/22/2026,95,14,0.0,6,233,13,146,655,N,O
21202,ASAG,SAGUARO,32.31111,-110.81861,2758,RAWS,8/23/2026 15:08 MDT,8/23/2026 15:08 MDT,8/23/2026 15:00 MDT,8/23/2026 15:00 MDT,8/23/2026 15:08 MDT,8/22/2026,107,19,0.0,7,266,14,221,912,N,O
20211,ACAN,BRIGHT ANGEL,36.20472,-112.06222,8134,RAWS,8/23/2026 15:07 MDT,8/23/2026 15:07 MDT,8/23/2026 15:00 MDT,8/23/2026 15:00 MDT,8/23/2026 15:07 MDT,8/22/2026,73,33,0.0,5,190,16,240,481,N,O
290203,XDEA,DEADMAN PEAK,36.4229,-106.772,8389,RAWS,8/23/2026 15:07 MDT,8/23/2026 15:07 MDT,8/23/2026 15:00 MDT,8/23/2026 15:00 MDT,8/23/2026 15:07 MDT,8/22/2026,80,26,0.0,3,287,11,281,623,N,O
55522210,AHBB,BAKERS TANK,32.61528,-114.00836,563,RAWS,8/23/2026 15:07 MDT,8/23/2026 15:07 MDT,8/23/2026 15:00 MDT,8/23/2026 15:00 MDT,8/23/2026 15:07 MDT,8/22/2026,108,27,0.0,10,195,24,219,821,N,O
292004,XLUN,LUNA,33.82289,-108.94311,7088,RAWS,8/23/2026 15:07 MDT,8/23/2026 15:07 MDT,8/23/2026 15:00 MDT,8/23/2026 15:00 MDT,8/23/2026 15:07 MDT,8/22/2026,80,41,0.02,1,13,9,4,336,N,O
20501,AIRO,IRON SPRINGS,34.59361,-112.51139,5385,RAWS,8/23/2026 15:06 MDT,8/23/2026 15:06 MDT,8/23/2026 15:00 MDT,8/23/2026 15:00 MDT,8/23/2026 15:06 MDT,8/22/2026,75,58,0.01,2,226,9,129,370,N,O
20601,AGLO,GLOBE,33.32694,-110.76694,4137,RAWS,8/23/2026 15:06 MDT,8/23/2026 15:06 MDT,8/23/2026 15:00 MDT,8/23/2026 15:00 MDT,8/23/2026 15:06 MDT,8/22/2026,98,20,0.0,4,307,9,60,830,N,O
20209,AFLG,FLAGSTAFF,35.14111,-111.6725,6903,RAWS,8/23/2026 15:06 MDT,8/23/2026 15:06 MDT,8/23/2026 15:00 MDT,8/23/2026 15:00 MDT,8/23/2026 15:06 MDT,8/22/2026,69,59,0.13,2,354,20,55,105,N,O
291101,XMIL,MILLS CANYON,36.05453,-104.32511,5881,RAWS,8/23/2026 15:05 MDT,8/23/2026 15:05 MDT,8/23/2026 15:00 MDT,8/23/2026 15:00 MDT,8/23/2026 15:05 MDT,8/22/2026,84,30,0.0,7,150,27,276,182,N,O
291501,XMOU,MOUNTAINAIR,34.52081,-106.26269,6593,RAWS,8/23/2026 15:05 MDT,8/23/2026 15:05 MDT,8/23/2026 15:00 MDT,8/23/2026 15:00 MDT,8/23/2026 15:05 MDT,8/22/2026,91,19,0.0,9,293,21,289,867,N,O
293303,XBLR,BLUEWATER RIDGE,35.19411,-108.16336,8274,RAWS,8/23/2026 15:05 MDT,8/23/2026 15:05 MDT,8/23/2026 15:00 MDT,8/23/2026 15:00 MDT,8/23/2026 15:05 MDT,8/22/2026,80,27,0.0,6,281,14,259,587,N,O
21206,ASAS,SASABE,31.69169,-111.44811,3500,RAWS,8/23/2026 15:05 MDT,8/23/2026 15:05 MDT,8/23/2026 15:00 MDT,8/23/2026 15:00 MDT,8/23/2026 15:05 MDT,8/22/2026,98,29,0.0,6,252,19,271,928,N,O
20503,AVER,VERDE,34.54917,-111.84417,3101,RAWS,8/23/2026 15:05 MDT,8/23/2026 15:05 MDT,8/23/2026 15:00 MDT,8/23/2026 15:00 MDT,8/23/2026 15:05 MDT,8/22/2026,81,50,0.0,12,291,26,254,68,N,O
291002,XBAR,BARTLEY,35.90875,-105.38769,9192,RAWS,8/23/2026 15:04 MDT,8/23/2026 15:04 MDT,8/23/2026 15:00 MDT,8/23/2026 15:00 MDT,8/23/2026 15:04 MDT,8/22/2026,80,29,0.0,5,283,11,277,941,N,O
291402,XOAK,OAK FLATS,35.00614,-106.31583,7675,RAWS,8/23/2026 15:04 MDT,8/23/2026 15:04 MDT,8/23/2026 15:00 MDT,8/23/2026 15:00 MDT,8/23/2026 15:04 MDT,8/22/2026,88,21,0.0,4,287,14,249,918,N,O
292104,XMAG,MAGDALENA,33.85061,-107.539,8495,RAWS,8/23/2026 15:03 MDT,8/23/2026 15:03 MDT,8/23/2026 15:00 MDT,8/23/2026 15:00 MDT,8/23/2026 15:03 MDT,8/22/2026,81,20,0.0,6,224,21,148,811,N,O
55522326,ANEV,NEVERSHINE,36.24753,-113.88851,2165,RAWS,8/23/2026 15:03 MDT,8/23/2026 15:03 MDT,8/23/2026 15:00 MDT,8/23/2026 15:00 MDT,8/23/2026 15:03 MDT,8/22/2026,107,10,0.0,10,170,20,201,823,N,O
21104,AGUT,GUTHRIE,32.88203,-109.30931,6324,RAWS,8/23/2026 15:03 MDT,8/23/2026 15:03 MDT,8/23/2026 15:00 MDT,8/23/2026 15:00 MDT,8/23/2026 15:03 MDT,8/22/2026,92,14,0.0,10,55,18,77,880,N,O
20215,AMOL,MORMON LAKE,34.90972,-111.43842,7094,RAWS,8/23/2026 15:03 MDT,8/23/2026 15:03 MDT,8/23/2026 15:00 MDT,8/23/2026 15:00 MDT,8/23/2026 15:03 MDT,8/22/2026,63,77,0.23,6,104,13,111,54,N,O
21007,AMUL,MULESHOE RANCH,32.40383,-110.272,4475,RAWS,8/23/2026 15:03 MDT,8/23/2026 15:03 MDT,8/23/2026 15:00 MDT,8/23/2026 15:00 MDT,8/23/2026 15:03 MDT,8/22/2026,95,18,0.0,9,339,20,350,866,N,O
20301,AHBR,HEBER,34.39778,-110.56444,6635,RAWS,8/23/2026 15:03 MDT,8/23/2026 15:03 MDT,8/23/2026 15:00 MDT,8/23/2026 15:00 MDT,8/23/2026 15:03 MDT,8/22/2026,89,19,0.0,5,94,11,196,836,N,O
20219,AOAK,OAK CREEK,34.94686,-111.75444,4804,RAWS,8/23/2026 15:03 MDT,8/23/2026 15:03 MDT,8/23/2026 15:00 MDT,8/23/2026 15:00 MDT,8/23/2026 15:03 MDT,8/22/2026,87,24,0.0,8,20,22,30,382,N,O
20903,AHOR,HORSE CAMP CANYON,32.93656,-110.4935,4014,RAWS,8/23/2026 15:02 MDT,8/23/2026 15:02 MDT,8/23/2026 15:00 MDT,8/23/2026 15:00 MDT,8/23/2026 15:02 MDT,8/22/2026,101,14,0.0,9,253,16,243,966,N,O
21005,ACOL,COLUMBINE,32.70389,-109.91389,9521,RAWS,8/23/2026 15:02 MDT,8/23/2026 15:02 MDT,8/23/2026 15:00 MDT,8/23/2026 15:00 MDT,8/23/2026 15:02 MDT,8/22/2026,73,37,0.0,2,263,5,306,413,N,O
20291,AHJK,HAPPY JACK,34.61797,-111.34239,6812,RAWS,8/23/2026 15:02 MDT,8/23/2026 15:02 MDT,8/23/2026 15:00 MDT,8/23/2026 15:00 MDT,8/23/2026 15:02 MDT,8/22/2026,73,50,0.0,6,19,15,34,200,N,O
293002,XMAY,MAYHILL,32.90947,-105.46981,6599,RAWS,8/23/2026 15:01 MDT,8/23/2026 15:01 MDT,8/23/2026 15:00 MDT,8/23/2026 15:00 MDT,8/23/2026 15:01 MDT,8/22/2026,92,14,0.0,4,208,17,212,865,N,O
292904,XSAA,SAN ANDRES,32.58008,-106.52719,6137,RAWS,8/23/2026 15:01 MDT,8/23/2026 15:01 MDT,8/23/2026 15:00 MDT,8/23/2026 15:00 MDT,8/23/2026 15:01 MDT,8/22/2026,91,14,0.0,7,155,20,182,952,N,O
21504,ABEL,BELMONT,33.67411,-112.92281,1813,RAWS,8/23/2026 15:01 MDT,8/23/2026 15:01 MDT,8/23/2026 15:00 MDT,8/23/2026 15:00 MDT,8/23/2026 15:01 MDT,8/22/2026,109,16,0.0,8,209,18,154,886,N,O
20509,ASTA,STANTON,34.16403,-112.73486,3600,RAWS,8/23/2026 15:01 MDT,8/23/2026 15:01 MDT,8/23/2026 15:00 MDT,8/23/2026 15:00 MDT,8/23/2026 15:01 MDT,8/22/2026,97,19,0.0,7,350,21,211,644,N,O
20226,APAR,PARIA POINT,36.72753,-111.822,7106,RAWS,8/23/2026 15:00 MDT,8/23/2026 15:00 MDT,8/23/2026 15:00 MDT,8/23/2026 15:00 MDT,8/23/2026 15:00 MDT,8/22/2026,77,31,0.0,8,330,19,346,355,N,O
20603,APLE,PLEASANT VALLEY,34.08858,-110.94225,5232,RAWS,8/23/2026 15:00 MDT,8/23/2026 15:00 MDT,8/23/2026 15:00 MDT,8/23/2026 15:00 MDT,8/23/2026 15:00 MDT,8/22/2026,91,21,0.0,3,351,6,323,744,N,O
20303,ALAK,LAKESIDE,34.16283,-109.87639,7267,RAWS,8/23/2026 15:00 MDT,8/23/2026 15:00 MDT,8/23/2026 15:00 MDT,8/23/2026 15:00 MDT,8/23/2026 15:00 MDT,8/22/2026,82,29,0.0,1,105,6,2,359,N,O
292203,XSMO,SMOKEY BEAR,33.35019,-105.686,7194,RAWS,8/23/2026 15:00 MDT,8/23/2026 15:00 MDT,8/23/2026 15:00 MDT,8/23/2026 15:00 MDT,8/23/2026 15:00 MDT,8/22/2026,90,20,0.0,6,229,15,226,998,N,O
293101,XBAD,BATDRAW,32.17861,-104.44056,4425,RAWS,8/23/2026 15:00 MDT,8/23/2026 15:52 MDT,8/23/2026 16:00 MDT,8/23/2026 16:00 MDT,8/23/2026 15:52 MDT,8/22/2026,97,15,0.0,13,140,17,5,875,N,F
21008,ABLA,BLACK HILLS,33.08203,-109.95119,3262,RAWS,8/23/2026 15:00 MDT,8/23/2026 15:53 MDT,8/23/2026 16:00 MDT,8/23/2026 16:00 MDT,8/23/2026 15:53 MDT,8/22/2026,104,13,0.0,6,190,16,12,911,N,F
20114,ABRK,BLACK ROCK,36.79436,-113.75056,7224,RAWS,8/23/2026 15:00 MDT,8/23/2026 15:50 MDT,8/23/2026 16:00 MDT,8/23/2026 16:00 MDT,8/23/2026 15:50 MDT,8/22/2026,84,20,0.0,6,230,19,26,894,N,F
292103,XBOS,BOSQUE,33.82064,-106.88169,4523,RAWS,8/23/2026 15:00 MDT,8/23/2026 15:50 MDT,8/23/2026 16:00 MDT,8/23/2026 16:00 MDT,8/23/2026 15:50 MDT,8/22/2026,99,15,0.0,6,190,8,10,889,N,F
292504,XBUR,BURRO MOUNTAIN,32.67203,-108.53969,6995,RAWS,8/23/2026 15:00 MDT,8/23/2026 15:59 MDT,8/23/2026 16:00 MDT,8/23/2026 16:00 MDT,8/23/2026 15:59 MDT,8/22/2026,92,17,0.0,9,130,18,15,843,N,F
55522238,ARIP,CIPRIANO,32.4235,-114.16211,1042,RAWS,8/23/2026 15:00 MDT,8/23/2026 15:59 MDT,8/23/2026 16:00 MDT,8/23/2026 16:00 MDT,8/23/2026 15:59 MDT,8/22/2026,107,25,0.0,9,190,17,7,886,N,F
21205,AEMP,EMPIRE,31.78347,-110.64325,4650,RAWS,8/23/2026 15:00 MDT,8/23/2026 15:53 MDT,8/23/2026 16:00 MDT,8/23/2026 16:00 MDT,8/23/2026 15:53 MDT,8/22/2026,96,20,0.0,5,80,15,39,900,N,F
20118,AHAV,HAVASU,34.80758,-114.53456,475,RAWS,8/23/2026 15:00 MDT,8/23/2026 15:52 MDT,8/23/2026 16:00 MDT,8/23/2026 16:00 MDT,8/23/2026 15:52 MDT,8/22/2026,114,13,0.0,7,200,18,19,854,N,F
20119,AMUS,MUSIC MOUNTAIN,35.61497,-113.79428,5375,RAWS,8/23/2026 15:00 MDT,8/23/2026 15:52 MDT,8/23/2026 16:00 MDT,8/23/2026 16:00 MDT,8/23/2026 15:52 MDT,8/22/2026,94,16,0.0,14,220,24,22,627,N,F
20113,ANIX,NIXON FLATS,36.38833,-113.15806,6500,RAWS,8/23/2026 15:00 MDT,8/23/2026 15:50 MDT,8/23/2026 16:00 MDT,8/23/2026 16:00 MDT,8/23/2026 15:50 MDT,8/22/2026,85,19,0.0,7,220,19,26,831,N,F
21502,AOAT,OATMAN,33.04994,-113.13867,1715,RAWS,8/23/2026 15:00 MDT,8/23/2026 15:52 MDT,8/23/2026 16:00 MDT,8/23/2026 16:00 MDT,8/23/2026 15:52 MDT,8/22/2026,109,18,0.0,6,230,13,16,864,N,F
20610,ARED,RED LAKE,34.18133,-110.78919,6524,RAWS,8/23/2026 15:00 MDT,8/23/2026 15:59 MDT,8/23/2026 16:00 MDT,8/23/2026 16:00 MDT,8/23/2026 15:59 MDT,8/22/2026,88,26,0.0,1,250,7,54,713,N,F
21414,ARUC,RUCKER,31.76111,-109.34861,5700,RAWS,8/23/2026 15:00 MDT,8/23/2026 15:57 MDT,8/23/2026 16:00 MDT,8/23/2026 16:00 MDT,8/23/2026 15:57 MDT,8/22/2026,90,20,0.0,5,110,15,40,924,N,F
291408,XSLB,SANDIA LAB,35.00406,-106.41148,6321,RAWS,8/23/2026 15:00 MDT,8/23/2026 15:53 MDT,8/23/2026 16:00 MDT,8/23/2026 16:00 MDT,8/23/2026 15:53 MDT,8/22/2026,89,22,0.0,11,270,16,7,876,N,F
290901,XSFW,SANTA FE WATERSHED,35.68686,-105.86031,7749,RAWS,8/23/2026 15:00 MDT,8/23/2026 15:53 MDT,8/23/2026 16:00 MDT,8/23/2026 16:00 MDT,8/23/2026 15:53 MDT,8/22/2026,85,21,0.0,11,270,16,35,664,N,F
21501,ASMI,SMITH PEAK,34.11486,-113.34733,2386,RAWS,8/23/2026 15:00 MDT,8/23/2026 15:53 MDT,8/23/2026 16:00 MDT,8/23/2026 16:00 MDT,8/23/2026 15:53 MDT,8/22/2026,106,15,0.0,6,280,17,20,689,N,F
20510,ASUN,SUNSET POINT,34.18847,-112.13467,3380,RAWS,8/23/2026 15:00 MDT,8/23/2026 15:53 MDT,8/23/2026 16:00 MDT,8/23/2026 16:00 MDT,8/23/2026 15:53 MDT,8/22/2026,103,15,0.0,7,210,18,28,872,N,F
20116,AUNI,UNION PASS,35.23233,-114.38194,3590,RAWS,8/23/2026 15:00 MDT,8/23/2026 15:52 MDT,8/23/2026 16:00 MDT,8/23/2026 16:00 MDT,8/23/2026 15:52 MDT,8/22/2026,99,15,0.0,10,210,23,15,884,N,F
20217,AYEL,YELLOW JOHN MOUNTAIN,36.155,-113.54944,6160,RAWS,8/23/2026 15:00 MDT,8/23/2026 15:50 MDT,8/23/2026 16:00 MDT,8/23/2026 16:00 MDT,8/23/2026 15:50 MDT,8/22/2026,90,17,0.0,6,230,18,46,616,N,F
