FID,FDRA,Zone,FDRA_ID,MFD_Thresh,LFD_Threshold,SIG_RAWS,Analysis_Period,FM_Short,FM_Long,FDRA_ZONE,Shape_Area,Shape_Length
1,Brush,FDZ,5,2,8,"20511, 20503, 20219",1/1/2005-12/31/2024, ,Y,FDZ Brush,0.215989013,4.041725951
2,Brush,PIFC,2,2,5,"20610, 20602, 20603",1/1/2005-12/31/2024,W,Y,PIFC Brush,0.670518382,14.14034271
3,Brush,WAZ,3,2,10,"20219, 20503, 20511",1/1/2005-12/31/2024, ,Y,WAZ Brush,0.444646873,5.944944766
7,Desert Grasslands,GLZ,3,2,50,"292504, 21104, 292702",1/1/2005-12/31/2024, ,Y,GLZ Desert Grasslands,3.679438662,12.89536466
14,Forested,GLZ,1,2,20,"20401, 292001, 292004",1/1/2005-12/31/2024, ,Y,GLZ Forested,1.415296975,8.057753895
15,Forested,WAZ,1,2,5,"20501, 20502, 20511",1/1/2005-12/31/2024, ,Y,WAZ Forested,0.262439125,5.118022167
21,Magdalena & San Mateo,ABZ,2,2,5,"292104, 292009, 292012",1/1/2005-12/31/2024, ,Y,ABZ Magdalena & San Mateo,0.222243467,3.105991192
23,Mogollon Rim,FDZ,4,4,8,"20209, 20291, 20215",1/1/2005-12/31/2024, ,Y,FDZ Mogollon Rim,0.588941943,7.236333625
24,Mogollon Rim,WDZ,4,4,8,"20284, 20209, 20291, 20215",1/1/2005-12/31/2024, ,Y,WDZ Mogollon Rim,0.246097893,3.148652479
26,Mt Taylor & Zuni,ABZ,1,2,5,"293303, 291302, 291301",1/1/2005-12/31/2024, ,Y,ABZ Mt Taylor & Zuni,0.407256443,5.607771603
27,Navajo & Hopi,FDZ,7,2,8,"20226, 20312, 290102",1/1/2005-12/31/2024, ,Y,FDZ Navajo & Hopi,6.524989356,30.21537964
29,North Kaibab & North Rim,WDZ,3,2,8,"20216, 20220, 20211, 20212",1/1/2005-12/31/2024, ,Y,WDZ North Kaibab & North Rim,0.627469859,12.59593046
30,PJ Transition,GLZ,2,1,10,"293301, 293305, 290603",1/1/2005-12/31/2024, ,Y,GLZ PJ Transition,0.500221941,5.3220769
37,San Juan Basin,TDZ,5,2,5,"290205, 290201, 290203",1/1/2005-12/31/2024,Y,Y,TDZ San Juan Basin,0.468984157,3.777997177
40,Sandia & Manzano,ABZ,3,2,15,"291402, 291501",1/1/2005-12/31/2024, ,Y,ABZ Sandia & Manzano,0.200367971,3.20798453
46,Transition,WAZ,4,2,100,"20508, 20507, 20509, 20510",1/1/2005-12/31/2024, ,Y,WAZ Transition,0.465403433,5.15098719
47,Tusayan & South Rim,FDZ,2,2,8,"20209, 20207, 20284",1/1/2005-12/31/2024, ,Y,FDZ Tusayan & South Rim,0.082328016,1.755572839
48,Tusayan & South Rim,WDZ,2,2,8,"20209, 20207, 20284",1/1/2005-12/31/2024, ,Y,WDZ Tusayan & South Rim,0.307213572,5.079795639
51,Western Grasslands & Woodland,WDZ,1,2,8,"20120, 20213, 20119",1/1/2005-12/31/2024, ,Y,WDZ Western Grasslands & Woodland,1.31656922,7.755739017
,,,,,,,,,,
,,,,,,,,,,
,,,,,                                                                             ,,,,,
